# https://github.com/mikedh/trimesh

o geometry_0
v -107.70987701 87.55507660 463.61068726 0.04705882 0.02745098 0.52549020
v -109.34988403 98.52110291 461.59735107 0.04705882 0.02745098 0.52549020
v -100.99166870 95.28331757 460.42324829 0.04705882 0.02745098 0.52549020
v -100.52343750 84.22709656 459.34454346 0.04705882 0.02745098 0.52549020
v -100.24374390 118.89052582 457.41595459 0.04705882 0.02745098 0.52549020
v -99.87553406 124.91551208 446.88650513 0.04705882 0.02745098 0.52549020
v -89.60697937 116.72774506 447.37246704 0.04705882 0.02745098 0.52549020
v -90.04733276 113.47640228 456.84048462 0.04705882 0.02745098 0.52549020
v -95.85511780 79.62699890 456.37713623 0.04705882 0.02745098 0.52549020
v -93.52836609 92.85498047 459.84384155 0.04705882 0.02745098 0.52549020
v -94.42221069 79.22631836 451.17700195 0.04705882 0.02745098 0.52549020
v -104.35290527 64.78083038 447.54818726 0.04705882 0.02745098 0.52549020
v -100.23139954 68.19738770 452.18420410 0.04705882 0.02745098 0.52549020
v -109.35725403 54.41079712 449.85595703 0.04705882 0.02745098 0.52549020
v -113.82950592 66.46608734 444.11022949 0.04705882 0.02745098 0.52549020
v -117.40219879 51.38513184 452.47537231 0.04705882 0.02745098 0.52549020
v -138.90002441 68.01484680 462.92236328 0.04705882 0.02745098 0.52549020
v -143.94259644 72.87879181 475.92709351 0.04705882 0.02745098 0.52549020
v -138.90853882 58.35662842 480.17004395 0.04705882 0.02745098 0.52549020
v -133.10302734 54.79914093 467.00830078 0.04705882 0.02745098 0.52549020
v -140.30517578 71.86090088 496.44586182 0.04705882 0.02745098 0.52549020
v -138.10220337 62.25866699 487.23782349 0.04705882 0.02745098 0.52549020
v -145.97000122 77.66436768 482.47149658 0.04705882 0.02745098 0.52549020
v -147.99832153 85.03477478 490.76748657 0.04705882 0.02745098 0.52549020
v -115.44831085 94.99015045 474.20077515 0.04705882 0.02745098 0.52549020
v -117.92938232 105.51989746 472.84561157 0.04705882 0.02745098 0.52549020
v -116.19166565 102.68034363 468.00878906 0.04705882 0.02745098 0.52549020
v -113.60583496 92.59115601 469.42120361 0.04705882 0.02745098 0.52549020
v -85.31169128 85.79615021 441.07470703 0.06274510 0.02745098 0.52941176
v -101.27548218 83.53826904 437.00573730 0.04705882 0.02745098 0.52549020
v -98.19195557 78.99555969 442.58685303 0.04705882 0.02745098 0.52549020
v -84.48993683 85.77857971 446.32022095 0.06274510 0.02745098 0.52941176
v -122.43837738 135.13703918 479.14956665 0.04705882 0.02745098 0.52549020
v -128.83038330 144.73429871 474.70483398 0.04705882 0.02745098 0.52549020
v -127.55204773 142.78677368 469.53930664 0.04705882 0.02745098 0.52549020
v -121.72682953 134.40856934 474.66983032 0.04705882 0.02745098 0.52549020
v -115.97206116 134.36399841 449.20541382 0.04705882 0.02745098 0.52549020
v -123.57650757 138.34831238 451.01922607 0.04705882 0.02745098 0.52549020
v -130.25100708 136.19960022 440.61392212 0.04705882 0.02745098 0.52549020
v -122.63610077 129.54913330 438.07376099 0.04705882 0.02745098 0.52549020
v -107.70771790 129.75047302 447.76678467 0.04705882 0.02745098 0.52549020
v -111.94013977 126.76934052 437.49694824 0.04705882 0.02745098 0.52549020
v -102.43080139 123.41104889 437.19689941 0.04705882 0.02745098 0.52549020
v -91.05624390 114.63845062 439.11856079 0.04705882 0.02745098 0.52549020
v -135.98968506 147.93504333 485.34738159 0.04705882 0.02745098 0.52549020
v -129.93110657 140.93952942 490.67453003 0.04705882 0.02745098 0.52549020
v -88.08250427 6.76741791 461.30895996 0.06274510 0.02745098 0.52941176
v -87.30502319 7.02040863 467.37738037 0.07450980 0.02352941 0.53725490
v -89.88136292 11.56127167 466.10156250 0.06274510 0.02745098 0.52941176
v -90.80197144 10.27861786 460.45208740 0.06274510 0.02745098 0.52941176
v -149.72012329 137.22644043 494.73757935 0.04705882 0.02745098 0.52549020
v -159.00109863 131.56669617 492.82260132 0.04705882 0.02745098 0.52549020
v -160.94845581 138.67668152 492.11230469 0.04705882 0.02745098 0.52549020
v -152.38774109 144.28225708 492.53988647 0.04705882 0.02745098 0.52549020
v -145.66119385 128.22448730 496.73947144 0.04705882 0.02745098 0.52549020
v -155.59906006 122.01847839 492.29730225 0.04705882 0.02745098 0.52549020
v -98.60200500 0.81263733 459.55670166 0.04705882 0.02745098 0.52549020
v -94.49411011 2.38540649 457.38272095 0.04705882 0.02745098 0.52549020
v -98.39837646 6.09337616 456.61917114 0.04705882 0.02745098 0.52549020
v -102.67044067 4.64038086 459.39898682 0.04705882 0.02745098 0.52549020
v -100.56536865 72.49054718 457.62316895 0.04705882 0.02745098 0.52549020
v -105.11108398 77.30966187 464.67782593 0.04705882 0.02745098 0.52549020
v -100.31248474 49.59655762 462.88012695 0.04705882 0.02745098 0.52549020
v -102.62805176 61.51045990 464.15396118 0.04705882 0.02745098 0.52549020
v -102.37738037 60.96662140 456.65530396 0.04705882 0.02745098 0.52549020
v -102.13259888 50.45397186 456.37295532 0.04705882 0.02745098 0.52549020
v -110.75271606 72.69510651 483.40460205 0.04705882 0.02745098 0.52549020
v -113.88269043 84.51394653 479.84228516 0.04705882 0.02745098 0.52549020
v -112.45372009 80.78141785 474.45678711 0.04705882 0.02745098 0.52549020
v -107.51023865 67.80770874 477.05358887 0.04705882 0.02745098 0.52549020
v -112.84147644 91.94039917 492.28524780 0.04705882 0.02745098 0.52549020
v -111.08331299 78.56521606 494.67120361 0.04705882 0.02745098 0.52549020
v -109.41769409 84.68971252 501.28421021 0.04705882 0.02745098 0.52549020
v -111.34904480 93.41983795 498.89916992 0.04705882 0.02745098 0.52549020
v -110.58017731 55.66267395 497.16378784 0.04705882 0.02745098 0.52549020
v -111.26150513 45.50382233 499.25503540 0.04705882 0.02745098 0.52549020
v -113.08341980 46.79694366 502.20654297 0.04705882 0.02745098 0.52549020
v -110.86940002 57.71334076 500.12155151 0.04705882 0.02745098 0.52549020
v -162.72271729 145.41148376 491.13528442 0.04705882 0.02745098 0.52549020
v -153.54689026 150.45484924 488.62149048 0.04705882 0.02745098 0.52549020
v -136.03149414 87.97241974 511.43893433 0.04705882 0.02745098 0.52549020
v -131.20368958 98.01709747 516.70166016 0.04705882 0.02745098 0.52549020
v -124.33232117 88.62649536 521.46533203 0.04705882 0.02745098 0.52549020
v -129.62551880 80.18305206 515.39074707 0.04705882 0.02745098 0.52549020
v -164.97253418 124.27905273 486.32275391 0.04705882 0.02745098 0.52549020
v -168.35961914 131.31678772 487.30749512 0.04705882 0.02745098 0.52549020
v -101.31660461 0.06242371 464.56259155 0.04705882 0.02745098 0.52549020
v -105.10411072 3.46472168 464.75961304 0.04705882 0.02745098 0.52549020
v -111.99885559 114.43557739 430.91827393 0.04705882 0.02745098 0.52549020
v -95.87904358 107.94065857 433.16186523 0.04705882 0.02745098 0.52549020
v -124.40367126 119.55331421 431.68978882 0.04705882 0.02745098 0.52549020
v -133.79750061 123.29036713 435.17010498 0.04705882 0.02745098 0.52549020
v -139.83715820 129.21969604 435.71191406 0.04705882 0.02745098 0.52549020
v -102.88626099 58.10549927 471.00738525 0.04705882 0.02745098 0.52549020
v -110.29417419 83.01106262 468.93630981 0.04705882 0.02745098 0.52549020
v -116.44985962 97.54001617 478.92550659 0.04705882 0.02745098 0.52549020
v -114.11954498 108.95208740 509.34790039 0.04705882 0.02745098 0.52549020
v -117.98471832 118.05068207 505.74145508 0.04705882 0.02745098 0.52549020
v -113.93212128 112.14804840 497.83099365 0.04705882 0.02745098 0.52549020
v -112.13122559 104.58692932 502.55245972 0.04705882 0.02745098 0.52549020
v -122.45517731 102.54777527 520.46588135 0.04705882 0.02745098 0.52549020
v -115.33052826 101.15480042 517.42681885 0.04705882 0.02745098 0.52549020
v -111.24687195 92.64413452 519.83032227 0.04705882 0.02745098 0.52549020
v -118.01227570 93.25129700 522.81512451 0.04705882 0.02745098 0.52549020
v -84.40263367 89.06706238 436.68667603 0.04705882 0.02745098 0.52549020
v -102.50585938 87.57386017 433.61373901 0.04705882 0.02745098 0.52549020
v -140.18621826 141.42630005 494.27154541 0.04705882 0.02745098 0.52549020
v -142.74560547 147.65808105 489.25109863 0.04705882 0.02745098 0.52549020
v -146.27755737 153.56669617 486.06637573 0.04705882 0.02745098 0.52549020
v -118.95727539 120.20232391 474.93399048 0.04705882 0.02745098 0.52549020
v -121.83572388 133.73497009 470.97485352 0.04705882 0.02745098 0.52549020
v -120.60182190 132.54270935 465.77441406 0.04705882 0.02745098 0.52549020
v -119.16761780 118.16352844 471.21810913 0.04705882 0.02745098 0.52549020
v -110.81069183 111.05575562 462.33624268 0.04705882 0.02745098 0.52549020
v -110.78865814 124.82876587 458.34283447 0.04705882 0.02745098 0.52549020
v -100.29995728 107.55998230 462.41693115 0.04705882 0.02745098 0.52549020
v -125.83725739 141.57777405 461.29013062 0.04705882 0.02745098 0.52549020
v -130.90896606 150.61384583 465.89044189 0.04705882 0.02745098 0.52549020
v -129.53439331 147.79571533 457.28915405 0.04705882 0.02745098 0.52549020
v -134.81166077 153.09260559 474.69033813 0.04705882 0.02745098 0.52549020
v -140.26663208 154.13894653 482.12210083 0.04705882 0.02745098 0.52549020
v -173.28005981 138.42724609 487.63308716 0.04705882 0.02745098 0.52549020
v -130.16531372 143.79460144 449.71435547 0.04705882 0.02745098 0.52549020
v -82.85560608 107.42153168 456.04232788 0.04705882 0.02745098 0.52549020
v -76.32963562 103.13103485 454.39321899 0.06274510 0.02745098 0.52941176
v -78.56779480 96.04976654 457.33569336 0.08235294 0.02352941 0.54117647
v -85.22103119 99.95567322 459.85012817 0.04705882 0.02745098 0.52549020
v -111.31540680 43.47020721 452.38415527 0.04705882 0.02745098 0.52549020
v -105.29089355 46.96929169 453.07836914 0.04705882 0.02745098 0.52549020
v -103.91867065 59.07927704 450.79095459 0.04705882 0.02745098 0.52549020
v -119.66236877 126.89517212 487.04272461 0.04705882 0.02745098 0.52549020
v -124.99436188 132.00971985 496.56704712 0.04705882 0.02745098 0.52549020
v -100.97444916 45.79131317 469.25277710 0.04705882 0.02745098 0.52549020
v -105.55934143 9.25373840 459.61666870 0.04705882 0.02745098 0.52549020
v -101.35296631 10.62927246 456.27902222 0.04705882 0.02745098 0.52549020
v -107.26182556 28.65122986 454.55691528 0.04705882 0.02745098 0.52549020
v -112.10023499 25.54262543 458.08590698 0.04705882 0.02745098 0.52549020
v -104.14228821 35.16874695 474.26522827 0.04705882 0.02745098 0.52549020
v -100.16533661 39.18137360 469.72381592 0.04705882 0.02745098 0.52549020
v -99.66759491 35.50834656 470.04870605 0.04705882 0.02745098 0.52549020
v -101.66706085 31.24237823 474.68292236 0.04705882 0.02745098 0.52549020
v -112.24493408 54.16862488 508.37930298 0.04705882 0.02745098 0.52549020
v -110.90193939 63.24323273 506.42498779 0.04705882 0.02745098 0.52549020
v -124.64285278 43.01514435 473.99502563 0.04705882 0.02745098 0.52549020
v -123.55071259 41.78250885 460.64019775 0.04705882 0.02745098 0.52549020
v -126.93260956 52.07301331 458.34054565 0.04705882 0.02745098 0.52549020
v -111.98715210 76.67234039 489.60095215 0.04705882 0.02745098 0.52549020
v -109.85849762 66.12609863 493.59390259 0.04705882 0.02745098 0.52549020
v -110.43905640 67.87366486 497.45733643 0.04705882 0.02745098 0.52549020
v -103.96223450 54.30895996 474.86239624 0.04705882 0.02745098 0.52549020
v -103.09082031 44.52510834 475.18838501 0.04705882 0.02745098 0.52549020
v -105.22994995 49.64153290 479.29101562 0.04705882 0.02745098 0.52549020
v -106.00576782 57.85739136 479.17883301 0.04705882 0.02745098 0.52549020
v -137.95278931 108.35142517 510.06100464 0.04705882 0.02745098 0.52549020
v -127.70689392 113.86744690 515.02600098 0.04705882 0.02745098 0.52549020
v -90.71736145 4.80213165 457.65118408 0.04705882 0.02745098 0.52549020
v -94.04683685 8.35791016 456.80267334 0.04705882 0.02745098 0.52549020
v -114.68460846 88.26695251 486.11807251 0.04705882 0.02745098 0.52549020
v -131.14047241 66.12636566 455.92968750 0.04705882 0.02745098 0.52549020
v -116.06216431 101.06799316 483.48226929 0.04705882 0.02745098 0.52549020
v -126.63780212 62.47379303 512.49798584 0.04705882 0.02745098 0.52549020
v -121.08773804 65.70944214 517.46466064 0.04705882 0.02745098 0.52549020
v -119.42263031 56.84384155 518.12091064 0.04705882 0.02745098 0.52549020
v -124.91304779 54.21956635 516.54449463 0.04705882 0.02745098 0.52549020
v -97.69041443 14.91015625 475.60058594 0.04705882 0.02745098 0.52549020
v -93.54956055 16.28572845 472.25500488 0.04705882 0.02745098 0.52549020
v -91.81185150 11.02326965 472.55569458 0.06274510 0.02745098 0.52941176
v -96.13139343 9.40353394 476.10385132 0.04705882 0.02745098 0.52549020
v -99.67985535 40.66897583 463.94982910 0.04705882 0.02745098 0.52549020
v -101.12274170 41.48756409 457.69894409 0.04705882 0.02745098 0.52549020
v -98.85791016 34.99225616 459.03201294 0.04705882 0.02745098 0.52549020
v -98.64703369 35.10176086 464.79623413 0.04705882 0.02745098 0.52549020
v -104.73000336 38.11442566 454.29028320 0.04705882 0.02745098 0.52549020
v -102.27973938 32.52478027 455.00317383 0.04705882 0.02745098 0.52549020
v -103.09044647 11.86236572 474.87750244 0.04705882 0.02745098 0.52549020
v -108.48258972 8.73786163 470.07656860 0.04705882 0.02745098 0.52549020
v -113.56685638 24.43164825 470.59414673 0.04705882 0.02745098 0.52549020
v -106.86508179 25.70809937 474.67904663 0.04705882 0.02745098 0.52549020
v -155.22164917 97.95040131 484.82604980 0.04705882 0.02745098 0.52549020
v -153.49877930 105.14499664 492.94177246 0.04705882 0.02745098 0.52549020
v -146.11854553 92.61876678 499.47372437 0.04705882 0.02745098 0.52549020
v -137.36196899 80.78793335 505.88647461 0.04705882 0.02745098 0.52549020
v -128.04733276 70.83688354 512.11535645 0.04705882 0.02745098 0.52549020
v -133.58346558 61.57296753 502.46688843 0.04705882 0.02745098 0.52549020
v -144.01992798 99.24822998 505.11868286 0.04705882 0.02745098 0.52549020
v -115.15474701 37.31483459 478.53271484 0.04705882 0.02745098 0.52549020
v -118.47547150 35.44799042 471.84326172 0.04705882 0.02745098 0.52549020
v -121.44348907 38.19071198 477.68414307 0.04705882 0.02745098 0.52549020
v -114.37706757 105.04889679 490.51922607 0.04705882 0.02745098 0.52549020
v -96.92001343 13.26764679 456.30908203 0.04705882 0.02745098 0.52549020
v -155.77331543 114.05851746 444.73461914 0.04705882 0.02745098 0.52549020
v -162.53816223 115.18714905 456.90545654 0.04705882 0.02745098 0.52549020
v -158.32263184 108.71841431 455.00488281 0.04705882 0.02745098 0.52549020
v -150.27661133 107.33416748 442.88394165 0.04705882 0.02745098 0.52549020
v -91.50230408 17.14916229 465.58682251 0.06274510 0.02745098 0.52941176
v -92.57055664 16.03014374 459.68774414 0.04705882 0.02745098 0.52549020
v -110.73513794 65.22360229 512.74737549 0.04705882 0.02745098 0.52549020
v -112.65407562 56.91957092 513.74633789 0.04705882 0.02745098 0.52549020
v -114.15254974 55.57898712 517.20837402 0.04705882 0.02745098 0.52549020
v -109.39545441 66.16790771 518.66369629 0.04705882 0.02745098 0.52549020
v -151.25207520 110.40460968 495.88577271 0.04705882 0.02745098 0.52549020
v -120.62934113 83.91345215 525.44494629 0.04705882 0.02745098 0.52549020
v -125.06869507 76.70889282 520.80322266 0.04705882 0.02745098 0.52549020
v -160.42578125 115.66281128 487.24169922 0.04705882 0.02745098 0.52549020
v -161.29510498 109.60800171 480.07351685 0.04705882 0.02745098 0.52549020
v -167.53366089 117.80490112 477.75387573 0.04705882 0.02745098 0.52549020
v -129.48146057 49.76821136 493.95870972 0.04705882 0.02745098 0.52549020
v -152.65106201 91.56500244 478.22018433 0.04705882 0.02745098 0.52549020
v -159.43276978 104.63050842 473.74591064 0.04705882 0.02745098 0.52549020
v -165.11186218 113.96627808 471.35195923 0.04705882 0.02745098 0.52549020
v -171.34790039 120.15760040 469.63156128 0.04705882 0.02745098 0.52549020
v -172.05786133 123.58888245 477.22998047 0.04705882 0.02745098 0.52549020
v -108.17634583 8.66138458 465.23080444 0.04705882 0.02745098 0.52549020
v -105.12202454 3.71035767 470.39175415 0.04705882 0.02745098 0.52549020
v -177.02395630 130.60688782 476.58810425 0.04705882 0.02745098 0.52549020
v -176.06848145 126.69848633 467.83816528 0.04705882 0.02745098 0.52549020
v -154.99768066 100.43184662 464.66220093 0.04705882 0.02745098 0.52549020
v -152.04939270 95.02740479 455.65908813 0.04705882 0.02745098 0.52549020
v -149.90917969 88.11344910 469.43688965 0.04705882 0.02745098 0.52549020
v -145.47897339 82.36298370 461.14492798 0.04705882 0.02745098 0.52549020
v -133.23907471 48.10565186 482.45776367 0.04705882 0.02745098 0.52549020
v -94.19913483 -8.52932739 476.35836792 0.04705882 0.02745098 0.52549020
v -98.26969147 1.37194061 475.74737549 0.04705882 0.02745098 0.52549020
v -93.56579590 4.48266602 476.77188110 0.04705882 0.02745098 0.52549020
v -90.81742096 -6.73954773 478.28161621 0.06274510 0.02745098 0.52941176
v -100.86185455 6.65375519 475.08917236 0.04705882 0.02745098 0.52549020
v -101.58256531 0.08824158 470.65936279 0.04705882 0.02745098 0.52549020
v -134.91442871 79.81216431 449.65774536 0.04705882 0.02745098 0.52549020
v -106.77503967 40.76152039 480.34274292 0.04705882 0.02745098 0.52549020
v -138.15194702 94.02717590 441.60736084 0.04705882 0.02745098 0.52549020
v -119.58178711 76.43528748 439.24691772 0.04705882 0.02745098 0.52549020
v -119.61116791 88.88191223 434.97793579 0.04705882 0.02745098 0.52549020
v -138.94953918 111.24127197 435.10101318 0.04705882 0.02745098 0.52549020
v -122.47430420 104.17424774 430.04351807 0.04705882 0.02745098 0.52549020
v -150.28599548 123.48232269 438.18634033 0.04705882 0.02745098 0.52549020
v -145.44464111 116.12755585 437.97998047 0.04705882 0.02745098 0.52549020
v -107.26979065 99.84840393 430.79388428 0.04705882 0.02745098 0.52549020
v -83.62671661 -3.43719482 466.47344971 0.09411765 0.02352941 0.54509804
v -83.83471680 -2.55941772 472.01324463 0.09411765 0.02352941 0.54509804
v -159.92723083 120.85478973 444.77514648 0.04705882 0.02745098 0.52549020
v -91.37292480 104.07797241 461.88809204 0.04705882 0.02745098 0.52549020
v -116.53388977 114.63243866 485.91610718 0.04705882 0.02745098 0.52549020
v -117.35168457 111.34561157 480.83447266 0.04705882 0.02745098 0.52549020
v -120.31977844 123.00839233 504.12182617 0.04705882 0.02745098 0.52549020
v -116.32954407 118.90436554 493.08108521 0.04705882 0.02745098 0.52549020
v -85.66012573 -4.99378967 461.95758057 0.07450980 0.02352941 0.53725490
v -113.81179047 40.05450439 500.80001831 0.04705882 0.02745098 0.52549020
v -116.20569611 43.01339722 500.73962402 0.04705882 0.02745098 0.52549020
v -82.14074707 111.53655243 448.15545654 0.04705882 0.02745098 0.52549020
v -76.58241272 107.72152710 447.60699463 0.04705882 0.02745098 0.52549020
v -77.20827484 102.15309906 436.27709961 0.04705882 0.02745098 0.52549020
v -76.03277588 106.97369385 440.76657104 0.04705882 0.02745098 0.52549020
v -83.56359863 110.78641510 439.77810669 0.04705882 0.02745098 0.52549020
v -85.62398529 105.10807037 434.21487427 0.04705882 0.02745098 0.52549020
v -118.45597076 121.90090942 477.95819092 0.04705882 0.02745098 0.52549020
v -118.60778046 123.27250671 481.94735718 0.04705882 0.02745098 0.52549020
v -140.81607056 119.08794403 503.04214478 0.04705882 0.02745098 0.52549020
v -130.22068787 123.03243256 508.61624146 0.04705882 0.02745098 0.52549020
v -110.12334442 35.69887543 454.36553955 0.04705882 0.02745098 0.52549020
v -118.44881439 40.63901520 455.31854248 0.04705882 0.02745098 0.52549020
v -115.84495544 33.50679016 457.64971924 0.04705882 0.02745098 0.52549020
v -115.75539398 25.61358643 463.88369751 0.04705882 0.02745098 0.52549020
v -109.93480682 35.82837677 480.14157104 0.04705882 0.02745098 0.52549020
v -109.60816193 33.69921112 475.17788696 0.04705882 0.02745098 0.52549020
v -115.99546051 128.71235657 461.83020020 0.04705882 0.02745098 0.52549020
v -116.72668457 114.89920807 466.04162598 0.04705882 0.02745098 0.52549020
v -88.20272064 91.61840820 458.10467529 0.06274510 0.02745098 0.52941176
v -81.70474243 89.14074707 454.78836060 0.08235294 0.02352941 0.54117647
v -108.15863037 63.10072327 485.01913452 0.04705882 0.02745098 0.52549020
v -125.96537781 39.13513184 495.24884033 0.04705882 0.02745098 0.52549020
v -129.17022705 38.09460449 486.34439087 0.04705882 0.02745098 0.52549020
v -107.42444611 53.36725616 487.49618530 0.04705882 0.02745098 0.52549020
v -92.68795776 -9.18913269 461.88525391 0.04705882 0.02745098 0.52549020
v -88.48277283 -7.09669495 460.54797363 0.06274510 0.02745098 0.52941176
v -119.38014221 33.36965179 463.04681396 0.04705882 0.02745098 0.52549020
v -108.97646332 73.16557312 504.40609741 0.04705882 0.02745098 0.52549020
v -126.86437988 47.03002167 499.55276489 0.04705882 0.02745098 0.52549020
v -120.27122498 38.87495422 500.13385010 0.04705882 0.02745098 0.52549020
v -114.60995483 88.54098511 524.16229248 0.04705882 0.02745098 0.52549020
v -167.43817139 122.80435181 455.90487671 0.04705882 0.02745098 0.52549020
v -88.97668457 6.08719635 474.15707397 0.06274510 0.02745098 0.52941176
v -85.99366760 -2.89637756 476.55783081 0.08235294 0.02352941 0.54117647
v -96.53765869 -9.27305603 472.80819702 0.04705882 0.02745098 0.52549020
v -96.67713165 -9.17617798 466.59799194 0.04705882 0.02745098 0.52549020
v -133.24328613 131.71696472 501.15502930 0.04705882 0.02745098 0.52549020
v -118.44699860 108.06011963 477.75500488 0.04705882 0.02745098 0.52549020
v -93.95797729 97.51467133 432.10186768 0.04705882 0.02745098 0.52549020
v -80.79652405 95.24775696 435.32147217 0.04705882 0.02745098 0.52549020
v -108.17472839 45.63076019 489.30664062 0.04705882 0.02745098 0.52549020
v -124.61023712 70.63073730 517.52539062 0.04705882 0.02745098 0.52549020
v -130.89199829 55.17330170 507.65896606 0.04705882 0.02745098 0.52549020
v -129.88980103 47.99046326 511.96859741 0.04705882 0.02745098 0.52549020
v -127.96951294 42.77958679 507.23541260 0.04705882 0.02745098 0.52549020
v -122.19477844 40.00981140 503.84417725 0.04705882 0.02745098 0.52549020
v -94.11465454 -13.68778992 473.91799927 0.04705882 0.02745098 0.52549020
v -94.25988770 -13.89640808 467.94546509 0.04705882 0.02745098 0.52549020
v -90.38934326 -14.32757568 463.10943604 0.06274510 0.02745098 0.52941176
v -86.40431213 -12.37846375 461.80786133 0.07450980 0.02352941 0.53725490
v -83.97962952 -8.79774475 463.42504883 0.08235294 0.02352941 0.54117647
v -91.65841675 -12.86012268 477.47225952 0.06274510 0.02745098 0.52941176
v -88.50085449 -11.43537903 479.12405396 0.07450980 0.02352941 0.53725490
v -84.73541260 -6.58062744 477.42395020 0.09411765 0.02352941 0.54509804
v -88.55169678 -16.59794617 478.67803955 0.07450980 0.02352941 0.53725490
v -89.44900513 -20.55824280 475.28564453 0.06274510 0.02745098 0.52941176
v -80.52131653 -25.14956665 465.93048096 0.12156863 0.01960784 0.55686275
v -85.67852783 -21.76362610 465.17608643 0.07450980 0.02352941 0.53725490
v -85.18200684 -23.96516418 466.98120117 0.07450980 0.02352941 0.53725490
v -81.31809235 -27.32887268 468.29812622 0.11372549 0.02352941 0.55294118
v -78.49138641 -31.50708008 470.63632202 0.16078431 0.01960784 0.57647059
v -76.95413208 -29.47747803 468.02038574 0.18431373 0.01568627 0.58431373
v -88.22535706 -21.98901367 469.89743042 0.06274510 0.02745098 0.52941176
v -83.46742249 -26.91865540 471.93377686 0.10588235 0.02352941 0.54901961
v -84.17856598 -25.91644287 475.96908569 0.09411765 0.02352941 0.54509804
v -80.86720276 -30.67224121 477.19335938 0.12941176 0.01960784 0.56078431
v -80.32440948 -31.86294556 473.70697021 0.13725490 0.01960784 0.56470588
v -87.43482971 -22.81779480 474.31103516 0.07450980 0.02352941 0.53725490
v -90.32360840 -20.44467163 469.38446045 0.06274510 0.02745098 0.52941176
v -75.19631195 -32.73637390 471.44262695 0.23137255 0.01176471 0.60392157
v -77.11500549 -33.87478638 472.17300415 0.18431373 0.01568627 0.58431373
v -77.77342987 -34.16459656 475.03814697 0.16078431 0.01960784 0.57647059
v -75.26025391 -34.64379883 475.83718872 0.21960784 0.01568627 0.60000000
v -83.35226440 -16.69534302 462.93933105 0.08235294 0.02352941 0.54117647
v -78.53309631 -23.56115723 465.34191895 0.14509804 0.01960784 0.56862745
v -74.99586487 -27.38967896 468.96847534 0.23921569 0.01176471 0.60784314
v -73.59844971 -30.72946167 472.23846436 0.30588235 0.00784314 0.63137255
v -75.88146210 -21.90922546 468.05038452 0.20000000 0.01568627 0.59215686
v -73.95677948 -25.54612732 470.95074463 0.28627451 0.00784314 0.62352941
v -72.74781799 -28.07258606 474.01528931 0.36078431 0.00000000 0.64705882
v -74.79522705 -20.60377502 471.91748047 0.23921569 0.01176471 0.60784314
v -73.46782684 -24.28392029 473.83285522 0.30588235 0.00784314 0.63137255
v -80.64755249 -10.10060120 467.71307373 0.12941176 0.01960784 0.56078431
v -81.61306763 -12.10147095 463.69793701 0.10588235 0.02352941 0.54901961
v -72.17234802 -26.16282654 475.14025879 0.38039216 0.00000000 0.65098039
v -74.35508728 -32.83200073 476.89886475 0.25098039 0.01176471 0.61176471
v -84.80921936 -23.21762085 478.62994385 0.08235294 0.02352941 0.54117647
v -79.88247681 -28.65786743 479.56542969 0.13725490 0.01960784 0.56470588
v -83.85357666 -21.65136719 480.10632324 0.09411765 0.02352941 0.54509804
v -79.23416138 -27.11534119 481.39672852 0.15294118 0.01960784 0.57254902
v -77.38525391 -32.93444824 479.65136719 0.16862745 0.01960784 0.58039216
v -78.49044037 -33.10525513 477.51965332 0.15294118 0.01960784 0.57254902
v -82.94158173 -5.93347168 467.56741333 0.10588235 0.02352941 0.54901961
v -83.21311188 -5.13423157 473.40667725 0.10588235 0.02352941 0.54901961
v -81.28849030 -8.76806641 474.04934692 0.12941176 0.01960784 0.56078431
v -75.15681458 -19.34721375 476.48315430 0.25098039 0.01176471 0.61176471
v -82.71363831 -10.07337952 478.18380737 0.12156863 0.01960784 0.55686275
v -85.36929321 -15.10504150 479.99496460 0.08235294 0.02352941 0.54117647
v -81.23423767 -20.84838867 481.14654541 0.12941176 0.01960784 0.56078431
v -78.32477570 -19.71098328 480.31835938 0.18431373 0.01568627 0.58431373
v -77.65307617 -25.08819580 481.53540039 0.19215686 0.01568627 0.58823529
v -75.99409485 -23.90121460 480.20474243 0.21960784 0.01568627 0.60000000
v -73.55648804 -23.44973755 477.44918823 0.29803922 0.00784314 0.63137255
v -74.91962433 -28.39154053 480.28033447 0.24705882 0.01176471 0.61176471
v -76.36950684 -31.00921631 480.25891113 0.20000000 0.01568627 0.59215686
v -73.23082733 -29.60050964 477.47631836 0.30980392 0.00784314 0.63529412
v -74.43746948 -26.29074097 480.07510376 0.26666667 0.01176471 0.61960784
v -73.22105408 -26.82969666 477.42608643 0.31764706 0.00392157 0.63529412
v -97.64456177 6.32977295 495.33984375 0.04705882 0.02745098 0.52549020
v -97.53987885 7.87726593 502.02416992 0.04705882 0.02745098 0.52549020
v -101.10340118 10.83771515 500.28094482 0.04705882 0.02745098 0.52549020
v -100.56092834 9.34809113 494.71246338 0.04705882 0.02745098 0.52549020
v -108.55418396 -2.62944031 494.38485718 0.04705882 0.02745098 0.52549020
v -103.78669739 0.22160339 491.94491577 0.04705882 0.02745098 0.52549020
v -107.54369354 3.51264954 490.24765015 0.04705882 0.02745098 0.52549020
v -112.92736816 1.18493652 493.62493896 0.04705882 0.02745098 0.52549020
v -111.59028625 -1.77500916 499.98233032 0.04705882 0.02745098 0.52549020
v -116.11777496 1.87243652 499.11630249 0.04705882 0.02745098 0.52549020
v -115.91085052 6.26206970 491.81631470 0.04705882 0.02745098 0.52549020
v -109.69074249 9.08689880 489.13394165 0.04705882 0.02745098 0.52549020
v -114.69891357 30.06637573 482.88101196 0.04705882 0.02745098 0.52549020
v -121.64624786 27.04612732 485.00189209 0.04705882 0.02745098 0.52549020
v -108.09510040 37.11596680 497.88397217 0.04705882 0.02745098 0.52549020
v -110.88789368 34.97838593 499.78125000 0.04705882 0.02745098 0.52549020
v -99.78327942 3.84542084 492.68743896 0.04705882 0.02745098 0.52549020
v -103.11936951 6.88801575 491.37115479 0.04705882 0.02745098 0.52549020
v -105.86014557 15.54055786 507.00128174 0.04705882 0.02745098 0.52549020
v -102.53865051 16.16316986 503.43252563 0.04705882 0.02745098 0.52549020
v -101.03950500 11.73725128 505.37625122 0.04705882 0.02745098 0.52549020
v -104.96528625 10.39342499 509.24267578 0.04705882 0.02745098 0.52549020
v -108.08668518 35.19219208 484.87963867 0.04705882 0.02745098 0.52549020
v -107.45617676 37.15675354 491.48464966 0.04705882 0.02745098 0.52549020
v -110.79343414 32.68930817 483.37435913 0.04705882 0.02745098 0.52549020
v -111.61347198 12.70301819 508.53057861 0.04705882 0.02745098 0.52549020
v -117.08389282 9.42177582 505.86392212 0.04705882 0.02745098 0.52549020
v -123.64637756 28.31832123 498.99652100 0.04705882 0.02745098 0.52549020
v -117.95885468 30.51486969 501.88882446 0.04705882 0.02745098 0.52549020
v -104.81462097 11.69261169 489.87207031 0.04705882 0.02745098 0.52549020
v -101.79769135 15.13221741 498.36172485 0.04705882 0.02745098 0.52549020
v -101.82904053 14.18890381 493.28775024 0.04705882 0.02745098 0.52549020
v -118.93854523 7.56466675 497.82864380 0.04705882 0.02745098 0.52549020
v -114.15839386 4.00651550 507.18139648 0.04705882 0.02745098 0.52549020
v -98.20710754 -6.90829468 513.40850830 0.04705882 0.02745098 0.52549020
v -105.83245087 2.70610809 511.61077881 0.04705882 0.02745098 0.52549020
v -101.85581970 6.06591034 510.66610718 0.04705882 0.02745098 0.52549020
v -94.17970276 -3.94189453 513.68640137 0.06274510 0.02745098 0.52941176
v -109.58019257 7.10635376 510.32769775 0.04705882 0.02745098 0.52549020
v -109.69012451 -0.10993958 507.80456543 0.04705882 0.02745098 0.52549020
v -88.13024902 -4.09700012 501.01419067 0.08235294 0.02352941 0.54117647
v -87.92373657 -2.03294373 507.31115723 0.08235294 0.02352941 0.54117647
v -89.79521179 -6.74853516 497.67687988 0.07450980 0.02352941 0.53725490
v -125.77123260 26.91736603 491.14651489 0.04705882 0.02745098 0.52549020
v -98.72687531 -11.29216003 497.92520142 0.04705882 0.02745098 0.52549020
v -93.23049164 -8.85910034 496.27709961 0.06274510 0.02745098 0.52941176
v -98.48045349 8.43782043 507.45336914 0.04705882 0.02745098 0.52549020
v -90.10513306 -2.22660828 511.78253174 0.07450980 0.02352941 0.53725490
v -100.96389771 -9.15245056 510.60211182 0.04705882 0.02745098 0.52549020
v -102.62397766 -10.28712463 503.30673218 0.04705882 0.02745098 0.52549020
v -96.79316711 -14.00088501 511.63369751 0.04705882 0.02745098 0.52549020
v -97.46040344 -15.70648193 505.04620361 0.04705882 0.02745098 0.52549020
v -93.46141052 -15.97940063 499.32369995 0.06274510 0.02745098 0.52941176
v -88.99100494 -12.30192566 497.69073486 0.07450980 0.02352941 0.53725490
v -86.69135284 -9.16978455 498.80218506 0.09411765 0.02352941 0.54509804
v -94.12350464 -11.33361816 514.44396973 0.04705882 0.02745098 0.52549020
v -90.49574280 -7.80718994 514.78204346 0.07450980 0.02352941 0.53725490
v -87.87153625 -4.46890259 511.91894531 0.09411765 0.02352941 0.54509804
v -87.10249329 -13.16224670 515.65081787 0.08235294 0.02352941 0.54117647
v -88.27546692 -17.04278564 513.37689209 0.07450980 0.02352941 0.53725490
v -71.38166046 -20.91517639 502.99667358 0.43529412 0.00000000 0.65882353
v -77.56387329 -19.74877930 501.67257690 0.21960784 0.01568627 0.60000000
v -78.12535095 -21.03045654 503.76132202 0.19215686 0.01568627 0.58823529
v -72.73899841 -22.50756836 505.14324951 0.30980392 0.00784314 0.63529412
v -84.32939148 -20.00184631 501.56961060 0.10588235 0.02352941 0.54901961
v -83.11346436 -20.58030701 503.70697021 0.11372549 0.02352941 0.55294118
v -85.80358887 -19.88925171 507.69897461 0.08235294 0.02352941 0.54117647
v -79.38528442 -20.57775879 508.42214966 0.15294118 0.01960784 0.57254902
v -80.64968109 -18.51799011 512.73870850 0.12941176 0.01960784 0.56078431
v -75.04854584 -20.48065186 514.03826904 0.20392157 0.01568627 0.59607843
v -73.77947998 -22.95339966 509.82394409 0.22745098 0.01568627 0.60392157
v -85.10448456 -18.68927002 511.36029053 0.08235294 0.02352941 0.54117647
v -69.34991455 -23.26493835 506.88827515 0.37254902 0.00000000 0.65098039
v -66.69812775 -21.99421692 506.75677490 0.50980392 0.01568627 0.65490196
v -89.42227936 -20.26293945 506.95074463 0.06274510 0.02745098 0.52941176
v -85.01722717 -15.07101440 498.41659546 0.10588235 0.02352941 0.54901961
v -76.03854370 -17.24781799 500.54037476 0.27843137 0.00784314 0.62352941
v -69.48397827 -18.08258057 502.86651611 0.61960784 0.09803922 0.61176471
v -65.70680237 -19.31237793 507.74334717 0.67843137 0.14901961 0.57254902
v -74.08647156 -13.72987366 501.85140991 0.38039216 0.00000000 0.65098039
v -68.60254669 -15.32217407 504.35629272 0.72156863 0.19607843 0.53725490
v -66.11349487 -16.67396545 508.61093140 0.78431373 0.26666667 0.47843137
v -73.10642242 -10.34384155 505.13702393 0.43921569 0.00000000 0.65882353
v -68.31845093 -12.56736755 507.78222656 0.71372549 0.18431373 0.54509804
v -83.28860474 -6.93301392 502.46484375 0.13725490 0.01960784 0.56470588
v -83.60327911 -10.36018372 498.97476196 0.12941176 0.01960784 0.56078431
v -66.96775055 -14.41560364 509.06634521 0.78431373 0.26666667 0.47843137
v -67.09033203 -22.91348267 511.24014282 0.38039216 0.00000000 0.65098039
v -65.49253845 -20.03486633 511.69061279 0.54901961 0.03921569 0.64313725
v -68.74734497 -23.26315308 510.73168945 0.33725490 0.00392157 0.63921569
v -81.00174713 -17.07818604 514.59051514 0.13725490 0.01960784 0.56470588
v -74.30830383 -18.89880371 515.53936768 0.23137255 0.01176471 0.60392157
v -80.02462769 -14.99757385 516.13031006 0.16078431 0.01960784 0.57647059
v -72.99851990 -17.23658752 516.43060303 0.29019608 0.00784314 0.62745098
v -69.45716095 -20.89427185 515.08807373 0.30588235 0.00784314 0.63137255
v -70.14669800 -21.94995117 514.00280762 0.28627451 0.00784314 0.62352941
v -86.15447998 -6.18763733 502.23950195 0.10588235 0.02352941 0.54901961
v -86.62516785 -4.02256775 507.79806519 0.09411765 0.02352941 0.54509804
v -84.20739746 -4.62498474 507.92498779 0.12156863 0.01960784 0.55686275
v -74.36716461 -8.68406677 510.34921265 0.39215686 0.00000000 0.65490196
v -85.74055481 -5.31164551 512.47741699 0.11372549 0.02352941 0.55294118
v -85.89909363 -9.51654053 515.45092773 0.10588235 0.02352941 0.54901961
v -79.17276001 -12.21815491 516.20556641 0.18431373 0.01568627 0.58431373
v -76.60488892 -9.50439453 514.46191406 0.28627451 0.00784314 0.62352941
v -72.53756714 -15.13781738 517.09075928 0.34117647 0.00392157 0.64313725
v -72.37011719 -12.25154114 515.35931396 0.43921569 0.00000000 0.65882353
v -69.66799927 -10.94775391 511.53997803 0.67450980 0.14509804 0.57647059
v -68.16995239 -17.22964478 515.87261963 0.45098039 0.00000000 0.65882353
v -68.62449646 -19.56201172 515.58502197 0.34901961 0.00392157 0.64313725
v -65.91117096 -17.66958618 511.86859131 0.63921569 0.11372549 0.60000000
v -68.94496155 -14.23159790 515.03747559 0.57647059 0.06274510 0.63137255
v -67.05950165 -14.44876099 511.77117920 0.69803922 0.17254902 0.55686275
v -106.38386536 19.11638641 517.07818604 0.04705882 0.02745098 0.52549020
v -103.97311401 22.55975342 521.30236816 0.04705882 0.02745098 0.52549020
v -106.59950256 25.01773834 519.87414551 0.04705882 0.02745098 0.52549020
v -108.83161926 21.60639191 515.81970215 0.04705882 0.02745098 0.52549020
v -117.64558411 13.24787903 522.15734863 0.04705882 0.02745098 0.52549020
v -113.97682190 12.98361969 518.52648926 0.04705882 0.02745098 0.52549020
v -116.96028900 15.91893768 516.72576904 0.04705882 0.02745098 0.52549020
v -121.44432068 16.86335754 519.88342285 0.04705882 0.02745098 0.52549020
v -117.18982697 14.48995972 528.04064941 0.04705882 0.02745098 0.52549020
v -122.52179718 19.02470398 524.78125000 0.04705882 0.02745098 0.52549020
v -124.79726410 21.42669678 516.93975830 0.04705882 0.02745098 0.52549020
v -119.28749084 20.01158905 514.48638916 0.04705882 0.02745098 0.52549020
v -121.97990417 35.52911377 506.51947021 0.04705882 0.02745098 0.52549020
v -127.77792358 35.78085327 510.10281372 0.04705882 0.02745098 0.52549020
v -109.99095154 15.81623840 517.00732422 0.04705882 0.02745098 0.52549020
v -112.25382233 18.25585938 515.32666016 0.04705882 0.02745098 0.52549020
v -108.67986298 31.74314880 526.47845459 0.04705882 0.02745098 0.52549020
v -106.82305908 31.02027130 522.37536621 0.04705882 0.02745098 0.52549020
v -105.82138062 27.20117950 525.34204102 0.04705882 0.02745098 0.52549020
v -107.93291473 27.51751709 529.32305908 0.04705882 0.02745098 0.52549020
v -112.52143860 43.41281128 504.83468628 0.04705882 0.02745098 0.52549020
v -112.36980438 47.97453308 509.69396973 0.04705882 0.02745098 0.52549020
v -116.25174713 38.61582184 505.01342773 0.04705882 0.02745098 0.52549020
v -114.33605957 29.69259644 529.81854248 0.04705882 0.02745098 0.52549020
v -121.38516235 27.16165161 528.50323486 0.04705882 0.02745098 0.52549020
v -124.21302032 43.39148712 521.18725586 0.04705882 0.02745098 0.52549020
v -118.81988525 46.78460693 521.22497559 0.04705882 0.02745098 0.52549020
v -114.27232361 21.79830170 513.49157715 0.04705882 0.02745098 0.52549020
v -107.60674286 28.76112366 517.30334473 0.04705882 0.02745098 0.52549020
v -109.65110016 25.05287933 513.95336914 0.04705882 0.02745098 0.52549020
v -125.55639648 24.45578766 522.12658691 0.04705882 0.02745098 0.52549020
v -118.02633667 22.26103210 530.80664062 0.04705882 0.02745098 0.52549020
v -102.14891815 9.65724182 539.81750488 0.04705882 0.02745098 0.52549020
v -110.60425568 22.34937286 534.04779053 0.04705882 0.02745098 0.52549020
v -105.66142273 25.01111603 530.69445801 0.04705882 0.02745098 0.52549020
v -98.43446350 12.24173737 538.56018066 0.04705882 0.02745098 0.52549020
v -112.69457245 25.29180908 532.50756836 0.04705882 0.02745098 0.52549020
v -115.21170807 19.01186371 532.92803955 0.04705882 0.02745098 0.52549020
v -96.59442139 8.57608032 524.83215332 0.06274510 0.02745098 0.52941176
v -95.06202698 11.97335052 528.90203857 0.06274510 0.02745098 0.52941176
v -100.28862762 6.45767975 523.69689941 0.04705882 0.02745098 0.52549020
v -128.95471191 39.13751984 515.75146484 0.04705882 0.02745098 0.52549020
v -113.94871521 49.66616821 517.30053711 0.04705882 0.02745098 0.52549020
v -105.86009216 2.61595917 527.64184570 0.04705882 0.02745098 0.52549020
v -103.00112915 4.26879120 524.64782715 0.04705882 0.02745098 0.52549020
v -103.66796112 24.95192719 526.69104004 0.04705882 0.02745098 0.52549020
v -95.56103516 13.53392029 534.55450439 0.06274510 0.02745098 0.52941176
v -105.84249115 7.19171143 538.15411377 0.04705882 0.02745098 0.52549020
v -108.27776337 4.26861572 532.87353516 0.04705882 0.02745098 0.52549020
v -101.75941467 3.44021606 540.32293701 0.04705882 0.02745098 0.52549020
v -103.56092834 0.48616028 535.02606201 0.04705882 0.02745098 0.52549020
v -101.11882019 -1.12275696 529.73730469 0.04705882 0.02745098 0.52549020
v -98.72441864 1.00808716 526.56689453 0.04705882 0.02745098 0.52549020
v -96.51023865 3.70957947 525.52966309 0.06274510 0.02745098 0.52941176
v -98.02575684 6.45043945 541.85076904 0.04705882 0.02745098 0.52549020
v -94.98500061 8.86035156 540.40222168 0.06274510 0.02745098 0.52941176
v -94.59059143 11.91848755 535.39721680 0.06274510 0.02745098 0.52941176
v -93.92182922 4.53087616 543.08123779 0.06274510 0.02745098 0.52941176
v -95.46547699 -0.77114868 541.97863770 0.06274510 0.02745098 0.52941176
v -83.34575653 -11.03172302 533.89880371 0.10588235 0.02352941 0.54901961
v -88.14494324 -7.62452698 532.28619385 0.08235294 0.02352941 0.54117647
v -88.31752014 -7.91143799 533.52130127 0.08235294 0.02352941 0.54117647
v -83.78503418 -11.37168884 535.33728027 0.10588235 0.02352941 0.54901961
v -94.46990967 -5.19918823 532.28082275 0.06274510 0.02745098 0.52941176
v -92.89456940 -6.07673645 533.47924805 0.06274510 0.02745098 0.52941176
v -94.56641388 -4.68408203 537.10986328 0.06274510 0.02745098 0.52941176
v -88.82876587 -7.67770386 538.94262695 0.07450980 0.02352941 0.53725490
v -88.80589294 -2.86366272 543.18701172 0.08235294 0.02352941 0.54117647
v -84.48923492 -6.20454407 543.97540283 0.09411765 0.02352941 0.54509804
v -84.23348999 -10.99801636 540.29235840 0.09411765 0.02352941 0.54509804
v -93.70427704 -2.20787048 541.09704590 0.06274510 0.02745098 0.52941176
v -80.73529053 -12.66253662 537.32446289 0.11372549 0.02352941 0.55294118
v -80.15996552 -13.52198792 536.04559326 0.11372549 0.02352941 0.55294118
v -97.12049866 -3.53749084 536.95745850 0.04705882 0.02745098 0.52549020
v -93.84988403 -2.54205322 528.04370117 0.06274510 0.02745098 0.52941176
v -87.00473022 -5.95944214 530.16003418 0.09411765 0.02352941 0.54509804
v -81.84219360 -9.11470032 531.77667236 0.13725490 0.01960784 0.56470588
v -78.39042664 -10.51287842 534.82354736 0.16862745 0.01960784 0.58039216
v -85.27359009 -2.28736877 529.73754883 0.12156863 0.01960784 0.55686275
v -80.98967743 -5.61364746 531.72003174 0.17647059 0.01568627 0.58039216
v -78.20550537 -6.91050720 534.57208252 0.21960784 0.01568627 0.60000000
v -84.13407898 0.75483704 530.86364746 0.15294118 0.01960784 0.57254902
v -80.44528198 -2.35215759 532.98541260 0.21960784 0.01568627 0.60000000
v -92.45213318 5.76100922 527.50531006 0.07450980 0.02352941 0.53725490
v -93.04243469 1.63168335 526.77941895 0.06274510 0.02745098 0.52941176
v -78.50132751 -4.37799072 534.91363525 0.25098039 0.01176471 0.61176471
v -79.22398376 -12.58992004 540.75158691 0.11372549 0.02352941 0.55294118
v -77.11286926 -8.98065186 540.15789795 0.17647059 0.01568627 0.58039216
v -80.16729736 -11.80442810 540.20806885 0.11372549 0.02352941 0.55294118
v -89.13630676 -0.96156311 544.19836426 0.08235294 0.02352941 0.54117647
v -83.38063049 -4.58421326 545.51110840 0.11372549 0.02352941 0.55294118
v -88.07371521 1.83483124 544.18603516 0.09411765 0.02352941 0.54509804
v -82.30767822 -1.78305054 545.61932373 0.12941176 0.01960784 0.56078431
v -80.47793579 -8.34565735 544.48156738 0.12156863 0.01960784 0.55686275
v -81.07487488 -8.77128601 543.61853027 0.11372549 0.02352941 0.55294118
v -95.09745026 7.30550385 526.56982422 0.06274510 0.02745098 0.52941176
v -94.08860016 10.88945007 530.40997314 0.06274510 0.02745098 0.52941176
v -91.89619446 9.29254913 531.28576660 0.07450980 0.02352941 0.53725490
v -83.39868164 3.58510590 534.66094971 0.18431373 0.01568627 0.58431373
v -92.43971252 10.38692474 536.12377930 0.07450980 0.02352941 0.53725490
v -91.46846008 6.83940887 541.46081543 0.07450980 0.02352941 0.53725490
v -86.22320557 3.81443024 542.32312012 0.12156863 0.01960784 0.55686275
v -84.28355408 4.52956390 539.25622559 0.16078431 0.01960784 0.57647059
v -81.22149658 0.48382568 543.80541992 0.17647059 0.01568627 0.58039216
v -81.27451324 1.57273865 540.86303711 0.20392157 0.01568627 0.59607843
v -79.72245789 0.52799988 536.08422852 0.26666667 0.01176471 0.61960784
v -78.88172913 -3.14454651 542.46087646 0.20000000 0.01568627 0.59215686
v -79.33386230 -5.65751648 544.27136230 0.15294118 0.01960784 0.57254902
v -77.10705566 -5.69012451 538.81048584 0.23921569 0.01176471 0.60784314
v -78.96051025 -1.33163452 540.55615234 0.23921569 0.01176471 0.60784314
v -77.75837708 -3.13621521 537.68725586 0.26666667 0.01176471 0.61960784
v -112.34596252 50.07752228 514.05358887 0.04705882 0.02745098 0.52549020
v -98.68650055 53.52245331 538.56164551 0.04705882 0.02745098 0.52549020
v -96.33332825 57.25977325 539.79718018 0.06274510 0.02745098 0.52941176
v -98.15044403 59.46842194 537.98175049 0.04705882 0.02745098 0.52549020
v -100.58731079 55.92861176 535.93432617 0.04705882 0.02745098 0.52549020
v -108.18505859 51.53872681 545.42089844 0.04705882 0.02745098 0.52549020
v -104.91940308 49.80182648 542.20306396 0.04705882 0.02745098 0.52549020
v -108.35671997 51.23499298 539.33422852 0.04705882 0.02745098 0.52549020
v -111.52405548 53.03267670 542.26763916 0.04705882 0.02745098 0.52549020
v -108.62789917 55.71437073 548.33148193 0.04705882 0.02745098 0.52549020
v -111.50611115 57.41893768 545.55407715 0.04705882 0.02745098 0.52549020
v -114.56102753 54.77320862 539.89886475 0.04705882 0.02745098 0.52549020
v -110.87351227 53.67967224 536.49774170 0.04705882 0.02745098 0.52549020
v -118.30096436 63.07716370 523.46124268 0.04705882 0.02745098 0.52549020
v -122.21771240 66.11250305 525.34094238 0.04705882 0.02745098 0.52549020
v -113.09960938 83.32203674 527.60510254 0.04705882 0.02745098 0.52549020
v -109.00780487 83.42216492 523.03399658 0.04705882 0.02745098 0.52549020
v -105.93621826 76.04147339 529.42846680 0.04705882 0.02745098 0.52549020
v -109.08741760 77.83235168 532.89172363 0.04705882 0.02745098 0.52549020
v -101.67707825 50.96311188 539.81158447 0.04705882 0.02745098 0.52549020
v -104.01455688 52.62454987 536.56243896 0.04705882 0.02745098 0.52549020
v -101.69384766 68.06933594 543.11212158 0.04705882 0.02745098 0.52549020
v -99.45181274 65.55477905 539.21221924 0.04705882 0.02745098 0.52549020
v -96.91325378 63.33200836 540.11193848 0.04705882 0.02745098 0.52549020
v -97.55863953 66.13838196 544.15020752 0.04705882 0.02745098 0.52549020
v -107.25071716 78.59900665 520.19598389 0.04705882 0.02745098 0.52549020
v -107.78279114 73.04423523 517.86248779 0.04705882 0.02745098 0.52549020
v -107.02804565 70.37440491 520.96337891 0.04705882 0.02745098 0.52549020
v -105.14423370 72.44646454 526.06823730 0.04705882 0.02745098 0.52549020
v -110.88110352 65.29166412 520.44305420 0.04705882 0.02745098 0.52549020
v -105.53048706 67.75474548 545.72827148 0.04705882 0.02745098 0.52549020
v -111.50669861 64.88124847 546.27575684 0.04705882 0.02745098 0.52549020
v -119.29558563 77.09915161 533.48944092 0.04705882 0.02745098 0.52549020
v -114.51191711 78.45755005 533.52709961 0.04705882 0.02745098 0.52549020
v -106.31164551 54.37899780 534.66845703 0.04705882 0.02745098 0.52549020
v -99.83793640 61.36992645 536.64819336 0.04705882 0.02745098 0.52549020
v -101.91218567 57.86711884 534.87072754 0.04705882 0.02745098 0.52549020
v -115.07292175 59.66221619 543.82427979 0.04705882 0.02745098 0.52549020
v -107.77626801 62.97193909 547.83898926 0.04705882 0.02745098 0.52549020
v -94.60830688 59.52103424 554.13952637 0.04705882 0.02745098 0.52549020
v -99.37602997 64.65042114 549.17150879 0.04705882 0.02745098 0.52549020
v -95.70098877 64.32814026 545.65203857 0.04705882 0.02745098 0.52549020
v -92.29560089 59.42259216 552.10528564 0.06274510 0.02745098 0.52941176
v -102.04889679 65.95190430 547.33801270 0.04705882 0.02745098 0.52549020
v -104.66491699 60.87487030 550.69793701 0.04705882 0.02745098 0.52549020
v -93.35853577 49.42834473 544.12554932 0.07450980 0.02352941 0.53725490
v -91.32635498 54.11077881 545.83605957 0.07450980 0.02352941 0.53725490
v -95.94946289 47.30446625 544.68896484 0.06274510 0.02745098 0.52941176
v -123.23091888 71.63087463 529.75775146 0.04705882 0.02745098 0.52549020
v -101.53629303 47.05679321 550.42956543 0.04705882 0.02745098 0.52549020
v -98.51808167 45.95184326 547.04962158 0.04705882 0.02745098 0.52549020
v -95.18737793 60.90950775 542.14294434 0.06274510 0.02745098 0.52941176
v -91.08931732 57.40788269 548.87731934 0.07450980 0.02352941 0.53725490
v -98.45454407 57.03226471 555.45587158 0.04705882 0.02745098 0.52549020
v -102.42211914 51.53807831 554.16326904 0.04705882 0.02745098 0.52549020
v -95.65634918 54.28318024 557.72100830 0.04705882 0.02745098 0.52549020
v -99.33443451 49.42632294 555.67816162 0.04705882 0.02745098 0.52549020
v -98.02638245 45.02917480 551.69775391 0.04705882 0.02745098 0.52549020
v -95.92151642 44.92385864 548.37481689 0.06274510 0.02745098 0.52941176
v -93.74752808 46.23454285 546.07092285 0.07450980 0.02352941 0.53725490
v -92.02363586 56.94795990 556.41229248 0.04705882 0.02745098 0.52549020
v -90.04006958 57.33226013 554.02349854 0.06274510 0.02745098 0.52941176
v -89.20971680 56.30678558 550.19525146 0.07450980 0.02352941 0.53725490
v -89.37911987 54.47840118 558.38562012 0.06274510 0.02745098 0.52941176
v -91.45212555 50.42586517 560.18273926 0.06274510 0.02745098 0.52941176
v -84.74516296 39.61119080 557.31323242 0.12941176 0.01960784 0.56078431
v -87.98597717 41.08085632 555.18707275 0.10588235 0.02352941 0.54901961
v -88.31772614 41.48072815 556.29138184 0.09411765 0.02352941 0.54509804
v -85.42710876 39.28249359 558.20935059 0.11372549 0.02352941 0.55294118
v -92.98187256 42.97366333 554.18811035 0.06274510 0.02745098 0.52941176
v -92.13395691 43.22216797 555.64257812 0.07450980 0.02352941 0.53725490
v -93.08981323 45.91876221 557.56109619 0.06274510 0.02745098 0.52941176
v -88.77110291 43.66854858 559.92309570 0.07450980 0.02352941 0.53725490
v -86.68044281 47.88291168 562.28015137 0.06274510 0.02745098 0.52941176
v -83.73722839 45.45524597 563.85955811 0.07450980 0.02352941 0.53725490
v -85.91899109 41.81672668 561.90985107 0.08235294 0.02352941 0.54117647
v -91.02880859 48.40446472 560.44769287 0.06274510 0.02745098 0.52941176
v -83.78342438 38.35877228 560.37554932 0.12156863 0.01960784 0.55686275
v -82.65902710 37.92295074 560.17382812 0.13725490 0.01960784 0.56470588
v -94.82121277 46.43498230 557.25390625 0.04705882 0.02745098 0.52549020
v -92.16660309 43.26692963 550.04901123 0.07450980 0.02352941 0.53725490
v -86.42738342 40.86180878 553.28930664 0.12156863 0.01960784 0.55686275
v -82.83308411 39.16682434 556.43713379 0.16078431 0.01960784 0.57647059
v -80.61779785 38.99983978 559.89978027 0.15294118 0.01960784 0.57254902
v -85.48405457 42.59965515 551.39453125 0.13725490 0.01960784 0.56470588
v -81.27307892 40.54236603 555.10607910 0.18431373 0.01568627 0.58431373
v -79.20414734 40.47093964 558.30895996 0.17647059 0.01568627 0.58039216
v -83.90827179 45.59039307 550.28033447 0.15294118 0.01960784 0.57254902
v -80.32815552 42.87837982 554.46105957 0.19215686 0.01568627 0.58823529
v -89.04287720 48.76082611 546.37878418 0.10588235 0.02352941 0.54901961
v -90.56827545 45.28488922 547.60595703 0.08235294 0.02352941 0.54117647
v -79.11586761 41.92044830 557.43682861 0.17647059 0.01568627 0.58039216
v -81.82629395 39.68303680 563.50561523 0.10588235 0.02352941 0.54901961
v -79.59535217 41.03277588 562.43719482 0.12156863 0.01960784 0.55686275
v -82.90756989 40.11426544 563.51104736 0.09411765 0.02352941 0.54509804
v -86.08358002 49.31412506 562.11877441 0.06274510 0.02745098 0.52941176
v -82.31082153 46.43548584 564.13238525 0.07450980 0.02352941 0.53725490
v -84.63230896 51.28860474 561.02868652 0.07450980 0.02352941 0.53725490
v -80.63986206 47.39817810 563.11999512 0.08235294 0.02352941 0.54117647
v -80.96966553 43.13942719 564.69061279 0.09411765 0.02352941 0.54509804
v -82.76702118 42.75784302 564.33416748 0.08235294 0.02352941 0.54117647
v -90.88005829 49.18492889 545.34045410 0.08235294 0.02352941 0.54117647
v -89.81623840 53.06124115 546.74035645 0.08235294 0.02352941 0.54117647
v -88.01879883 52.47904968 548.20886230 0.09411765 0.02352941 0.54509804
v -82.85611725 49.10673523 551.56060791 0.14509804 0.01960784 0.56862745
v -87.66035461 55.39501953 551.83905029 0.08235294 0.02352941 0.54117647
v -88.27960968 55.72229767 555.66619873 0.06274510 0.02745098 0.52941176
v -83.47595215 51.89900208 558.72851562 0.08235294 0.02352941 0.54117647
v -82.66905212 51.42742920 555.43890381 0.10588235 0.02352941 0.54901961
v -79.38999939 47.68961334 561.32128906 0.10588235 0.02352941 0.54901961
v -78.97195435 47.59214783 558.19171143 0.12941176 0.01960784 0.56078431
v -79.27356720 45.81554413 555.35046387 0.17647059 0.01568627 0.58039216
v -78.40264893 44.10030365 561.84429932 0.11372549 0.02352941 0.55294118
v -79.06970215 43.63980865 563.62371826 0.10588235 0.02352941 0.54901961
v -78.54476929 42.05217743 560.78588867 0.13725490 0.01960784 0.56470588
v -78.18145752 44.59445190 559.77758789 0.13725490 0.01960784 0.56470588
v -78.47242737 43.33383942 558.58740234 0.15294118 0.01960784 0.57254902
v -115.46542358 81.60415649 529.74157715 0.04705882 0.02745098 0.52549020
v -70.40008545 86.38874817 440.43569946 0.11372549 0.02352941 0.55294118
v -71.85870361 83.98013306 444.66259766 0.16078431 0.01960784 0.57647059
v -66.96838379 95.38887024 457.72586060 0.16078431 0.01960784 0.57647059
v -69.13768005 88.31983948 455.93356323 0.23921569 0.01176471 0.60784314
v -64.70733643 101.08682251 453.95950317 0.09411765 0.02352941 0.54509804
v -64.24769592 102.82974243 441.88159180 0.04705882 0.02745098 0.52549020
v -64.71278381 103.45191956 448.18005371 0.06274510 0.02745098 0.52941176
v -71.09226227 84.51448822 451.15429688 0.21960784 0.01568627 0.60000000
v -68.78356934 91.18292236 437.37863159 0.07450980 0.02352941 0.53725490
v -66.17585754 98.21044922 436.92016602 0.06274510 0.02745098 0.52941176
v -61.00312042 87.04525757 435.45324707 0.12156863 0.01960784 0.55686275
v -57.96145630 95.23645020 436.13293457 0.07450980 0.02352941 0.53725490
v -56.43173981 100.64440918 441.18801880 0.06274510 0.02745098 0.52941176
v -58.70122528 102.61686707 449.23767090 0.07450980 0.02352941 0.53725490
v -60.06456757 101.13355255 454.29428101 0.10588235 0.02352941 0.54901961
v -64.94839478 83.38780212 442.30609131 0.21960784 0.01568627 0.60000000
v -66.60118103 81.73598480 447.71194458 0.34117647 0.00392157 0.64313725
v -66.70510101 83.86432648 454.35745239 0.36078431 0.00000000 0.64705882
v -57.98397827 79.88969421 446.79220581 0.61568627 0.09411765 0.61568627
v -49.23863220 83.09655762 446.84237671 0.42745098 0.00000000 0.65882353
v -36.02866364 95.57380676 454.93963623 0.19215686 0.01568627 0.58823529
v -41.92494965 97.01276398 452.62265015 0.14509804 0.01960784 0.56862745
v -40.98807526 94.67662811 451.05853271 0.16862745 0.01960784 0.58039216
v -35.71447754 93.76054382 452.66473389 0.20000000 0.01568627 0.59215686
v -45.93677521 96.60379028 448.51269531 0.12156863 0.01960784 0.55686275
v -44.77593231 94.31417847 448.72457886 0.14509804 0.01960784 0.56862745
v -46.80810547 89.73596191 446.70608521 0.22745098 0.01568627 0.60392157
v -41.63790131 88.79829407 448.36810303 0.25098039 0.01176471 0.61176471
v -47.14256287 84.58293152 448.25204468 0.43529412 0.00000000 0.65882353
v -43.79316711 82.82705688 450.33813477 0.56078431 0.05098039 0.63921569
v -36.68820953 87.58921814 449.89865112 0.32941176 0.00392157 0.63921569
v -32.97574615 91.58714294 452.54742432 0.24705882 0.01176471 0.61176471
v -32.63545990 86.73345947 452.39929199 0.40784314 0.00000000 0.65490196
v -32.03452301 92.33831787 456.34295654 0.30980392 0.00784314 0.63529412
v -47.57228088 90.00319672 443.87234497 0.17647059 0.01568627 0.58039216
v -49.54041290 100.31636047 450.70135498 0.09411765 0.02352941 0.54509804
v -43.18206787 98.39076233 455.45199585 0.14509804 0.01960784 0.56862745
v -37.23101807 95.73464966 458.91052246 0.23921569 0.01176471 0.60784314
v -33.08909607 91.77015686 459.87927246 0.39215686 0.00000000 0.65490196
v -44.88800049 96.89839172 460.15780640 0.22745098 0.01568627 0.60392157
v -39.68412018 93.54156494 462.41049194 0.38431373 0.00000000 0.65098039
v -36.60018158 89.44264221 463.04327393 0.61568627 0.09411765 0.61568627
v -46.84842682 92.63777161 463.61276245 0.42352941 0.00000000 0.65882353
v -41.54216766 89.75270844 464.29525757 0.65882353 0.13333333 0.58823529
v -58.23127747 95.62741852 459.49584961 0.23921569 0.01176471 0.60784314
v -54.07314301 100.66139221 456.05368042 0.12156863 0.01960784 0.55686275
v -38.85473633 87.95259094 463.68762207 0.74117647 0.21568627 0.51764706
v -30.85585022 86.03549194 455.89999390 0.59215686 0.07450980 0.62745098
v -32.27728271 85.32875061 459.66699219 0.73333333 0.20784314 0.52549020
v -45.96655273 79.82717896 451.32519531 0.81568627 0.30196078 0.45098039
v -38.87058258 81.14702606 451.42941284 0.69411765 0.16862745 0.56078431
v -40.31570435 79.12236023 454.06750488 0.88627451 0.40000000 0.37647059
v -48.70105743 78.44924927 454.12203979 0.96862745 0.57254902 0.25490196
v -41.79287720 78.11483765 456.88452148 0.98823529 0.66666667 0.20000000
v -34.76203156 80.66677094 455.59649658 0.82745098 0.31764706 0.43529412
v -34.90574646 82.45661926 452.32498169 0.63529412 0.10980392 0.60392157
v -62.61322784 96.15649414 457.84844971 0.17647059 0.01568627 0.58039216
v -65.34224701 89.65178680 457.47039795 0.30980392 0.00784314 0.63529412
v -61.55401611 88.59931946 459.26834106 0.46274510 0.00392157 0.65882353
v -49.60206604 85.80231476 464.21453857 0.80392157 0.28627451 0.45882353
v -62.34522247 82.51098633 457.40426636 0.69803922 0.17254902 0.55686275
v -60.24871063 79.41029358 452.13928223 0.74901961 0.22352941 0.50980392
v -50.26458740 78.25365448 457.74740601 0.98823529 0.66274510 0.20392157
v -50.95766449 80.46965790 461.58911133 0.93725490 0.49019608 0.30980392
v -43.07536316 78.95415497 460.52539062 0.98823529 0.80000000 0.14509804
v -43.72846985 80.77671051 462.49612427 0.96862745 0.57254902 0.25490196
v -42.74035645 85.00980377 464.51156616 0.93725490 0.49019608 0.30980392
v -38.33964539 80.87278748 461.45840454 0.88627451 0.40000000 0.37647059
v -36.29196167 79.91604614 458.84298706 0.90196078 0.42745098 0.35294118
v -35.82972717 84.72298431 462.53646851 0.89019608 0.40392157 0.37254902
v -40.25846100 81.83294678 462.53799438 0.91372549 0.44705882 0.34117647
v -38.93847656 84.72118378 463.48257446 0.92549020 0.47058824 0.32549020
v -109.50332642 87.77844238 520.70904541 0.04705882 0.02745098 0.52549020
v -106.77578735 83.42469788 515.83374023 0.04705882 0.02745098 0.52549020
v -108.28103638 90.20294189 515.05187988 0.04705882 0.02745098 0.52549020
v -112.28291321 99.25857544 512.79742432 0.04705882 0.02745098 0.52549020
v -117.61474609 109.02343750 514.57128906 0.04705882 0.02745098 0.52549020
v -111.30753326 95.87747192 506.13726807 0.04705882 0.02745098 0.52549020
v -107.36238098 86.38775635 508.73062134 0.04705882 0.02745098 0.52549020
v -108.16716766 75.96727753 511.69183350 0.04705882 0.02745098 0.52549020
v -113.34911346 100.89945984 496.63989258 0.04705882 0.02745098 0.52549020
f 4 3 1
f 1 3 2
f 5 8 6
f 6 8 7
f 9 10 4
f 4 10 3
f 9 13 11
f 11 13 12
f 14 16 12
f 12 16 15
f 20 19 17
f 17 19 18
f 24 23 21
f 21 23 22
f 28 27 25
f 25 27 26
f 32 31 29
f 29 31 30
f 33 36 34
f 34 36 35
f 37 40 38
f 38 40 39
f 41 6 42
f 42 6 43
f 6 7 43
f 43 7 44
f 45 46 34
f 34 46 33
f 50 49 47
f 47 49 48
f 54 53 51
f 51 53 52
f 51 52 55
f 55 52 56
f 60 59 57
f 57 59 58
f 1 62 4
f 4 62 61
f 66 65 63
f 63 65 64
f 70 69 67
f 67 69 68
f 74 73 71
f 71 73 72
f 78 77 75
f 75 77 76
f 80 79 54
f 54 79 53
f 84 83 81
f 81 83 82
f 85 52 86
f 86 52 53
f 88 60 87
f 87 60 57
f 44 90 43
f 43 90 89
f 91 42 89
f 89 42 43
f 93 39 92
f 92 39 40
f 69 70 64
f 64 70 94
f 4 61 9
f 9 61 13
f 25 69 28
f 28 69 95
f 69 25 68
f 68 25 96
f 100 99 97
f 97 99 98
f 101 104 102
f 102 104 103
f 29 30 105
f 105 30 106
f 108 54 107
f 107 54 51
f 109 80 108
f 108 80 54
f 113 112 110
f 110 112 111
f 116 5 114
f 114 5 115
f 115 5 41
f 41 5 6
f 36 111 35
f 35 111 117
f 35 117 118
f 118 117 119
f 34 35 120
f 120 35 118
f 34 120 45
f 45 120 121
f 127 126 124
f 124 126 125
f 130 129 14
f 14 129 128
f 132 131 46
f 46 131 33
f 64 94 63
f 63 94 133
f 134 137 135
f 135 137 136
f 141 140 138
f 138 140 139
f 143 142 78
f 78 142 77
f 144 20 145
f 145 20 146
f 72 149 147
f 147 149 148
f 153 152 150
f 150 152 151
f 104 101 83
f 83 101 82
f 101 155 82
f 82 155 154
f 59 157 58
f 58 157 156
f 67 68 147
f 147 68 158
f 159 15 146
f 146 15 16
f 160 158 96
f 96 158 68
f 65 66 130
f 130 66 129
f 164 163 161
f 161 163 162
f 168 167 165
f 165 167 166
f 172 171 169
f 169 171 170
f 170 171 173
f 173 171 174
f 178 177 175
f 175 177 176
f 24 181 179
f 179 181 180
f 184 183 21
f 21 183 182
f 154 185 82
f 82 185 81
f 186 188 187
f 187 188 144
f 189 71 160
f 160 71 158
f 59 135 157
f 157 135 190
f 140 172 139
f 139 172 169
f 71 72 158
f 158 72 147
f 194 193 191
f 191 193 192
f 167 49 166
f 166 49 195
f 157 190 50
f 50 190 196
f 197 200 198
f 198 200 199
f 181 24 182
f 182 24 21
f 17 159 20
f 20 159 146
f 185 181 81
f 81 181 182
f 181 185 180
f 180 185 201
f 84 203 83
f 83 203 202
f 85 206 204
f 204 206 205
f 21 22 184
f 184 22 207
f 23 24 208
f 208 24 179
f 205 209 179
f 179 209 208
f 206 210 205
f 205 210 209
f 210 206 211
f 211 206 212
f 204 205 180
f 180 205 179
f 213 88 176
f 176 88 214
f 206 85 212
f 212 85 86
f 193 218 217
f 220 219 218
f 218 219 217
f 17 18 220
f 220 18 219
f 144 221 20
f 20 221 19
f 222 225 223
f 223 225 224
f 214 226 176
f 176 226 175
f 88 87 214
f 214 87 227
f 159 17 228
f 228 17 220
f 134 60 213
f 213 60 88
f 152 229 151
f 151 229 138
f 211 192 210
f 210 192 193
f 193 194 218
f 218 194 230
f 230 232 228
f 228 232 231
f 89 234 91
f 91 234 233
f 235 93 236
f 236 93 92
f 237 232 234
f 234 232 230
f 239 238 48
f 48 238 47
f 236 191 235
f 235 191 240
f 241 8 116
f 116 8 5
f 160 243 189
f 189 243 242
f 99 245 98
f 98 245 244
f 238 246 47
f 47 246 156
f 248 247 77
f 77 247 76
f 124 125 249
f 249 125 250
f 254 253 251
f 251 253 252
f 111 36 110
f 110 36 255
f 256 255 33
f 33 255 36
f 257 154 258
f 258 154 155
f 139 169 133
f 133 169 63
f 66 63 170
f 170 63 169
f 66 170 129
f 129 170 173
f 259 128 173
f 173 128 129
f 261 260 259
f 259 260 128
f 213 262 134
f 134 262 137
f 187 264 186
f 186 264 263
f 266 265 113
f 113 265 112
f 11 268 267
f 194 233 230
f 230 233 234
f 67 269 70
f 70 269 153
f 141 178 165
f 165 178 175
f 70 153 94
f 94 153 150
f 207 221 270
f 270 221 271
f 152 153 272
f 272 153 269
f 108 45 109
f 109 45 121
f 157 50 156
f 156 50 47
f 274 273 58
f 58 273 57
f 261 275 260
f 260 275 145
f 78 149 143
f 143 149 276
f 272 269 75
f 75 269 148
f 278 277 270
f 270 277 207
f 50 196 49
f 49 196 195
f 59 60 135
f 135 60 134
f 83 202 104
f 104 202 279
f 75 148 78
f 78 148 149
f 277 278 248
f 248 278 247
f 81 182 84
f 84 182 183
f 282 239 281
f 281 239 48
f 222 223 283
f 283 223 227
f 168 226 224
f 224 226 223
f 225 282 224
f 224 282 281
f 226 168 175
f 175 168 165
f 229 263 138
f 138 263 264
f 260 16 128
f 128 16 14
f 220 218 228
f 228 218 230
f 283 227 284
f 284 227 87
f 146 16 145
f 145 16 260
f 155 98 258
f 258 98 244
f 246 274 156
f 156 274 58
f 55 285 51
f 51 285 107
f 96 286 160
f 160 286 243
f 90 237 89
f 89 237 234
f 285 132 107
f 107 132 46
f 253 249 252
f 252 249 250
f 25 26 96
f 96 26 286
f 288 105 287
f 287 105 106
f 229 152 289
f 289 152 272
f 138 139 151
f 151 139 133
f 162 290 161
f 161 290 183
f 293 292 277
f 277 292 291
f 94 150 133
f 133 150 151
f 262 177 275
f 275 177 187
f 275 187 145
f 145 187 144
f 273 284 57
f 57 284 87
f 135 136 190
f 190 136 174
f 111 112 117
f 117 112 38
f 117 38 119
f 119 38 123
f 37 38 265
f 265 38 112
f 251 288 254
f 254 288 287
f 15 159 231
f 231 159 228
f 214 227 226
f 226 227 223
f 269 67 148
f 148 67 147
f 167 168 281
f 281 168 224
f 162 163 200
f 200 163 199
f 107 46 108
f 108 46 45
f 49 167 48
f 48 167 281
f 292 164 291
f 291 164 161
f 38 39 123
f 248 294 277
f 277 294 293
f 284 296 283
f 283 296 295
f 297 296 273
f 273 296 284
f 274 298 273
f 273 298 297
f 246 299 274
f 274 299 298
f 283 295 222
f 222 295 300
f 222 300 225
f 225 300 301
f 301 302 225
f 225 302 282
f 303 300 304
f 304 300 295
f 308 307 305
f 305 307 306
f 305 310 308
f 308 310 309
f 308 312 307
f 307 312 311
f 315 314 312
f 312 314 313
f 313 316 312
f 312 316 311
f 316 304 311
f 311 304 317
f 315 312 309
f 309 312 308
f 318 321 319
f 319 321 320
f 319 309 318
f 318 309 310
f 311 317 307
f 307 317 306
f 296 297 317
f 317 297 306
f 306 297 322
f 322 297 298
f 305 306 323
f 323 306 322
f 310 305 324
f 324 305 323
f 296 317 295
f 295 317 304
f 318 310 325
f 325 310 324
f 327 324 326
f 326 324 323
f 324 327 325
f 325 327 328
f 330 327 329
f 329 327 326
f 332 331 326
f 326 331 329
f 327 330 328
f 328 330 333
f 323 322 326
f 326 322 332
f 299 332 298
f 298 332 322
f 325 334 318
f 318 334 321
f 304 316 335
f 335 316 313
f 335 313 336
f 336 313 314
f 337 303 335
f 335 303 304
f 336 338 335
f 335 338 337
f 336 314 339
f 339 314 340
f 341 299 238
f 238 299 246
f 302 342 282
f 282 342 239
f 238 239 341
f 341 239 342
f 341 342 331
f 331 342 343
f 331 343 329
f 329 343 344
f 345 343 302
f 302 343 342
f 332 299 331
f 331 299 341
f 346 345 301
f 301 345 302
f 300 303 301
f 301 303 346
f 303 337 346
f 346 337 347
f 347 348 346
f 346 348 345
f 349 350 347
f 347 350 348
f 348 344 345
f 345 344 343
f 344 348 351
f 351 348 350
f 337 338 347
f 347 338 349
f 349 338 352
f 352 338 353
f 356 355 354
f 354 355 352
f 350 349 355
f 355 349 352
f 352 353 354
f 354 353 334
f 321 334 339
f 339 334 353
f 338 336 353
f 353 336 339
f 351 330 344
f 344 330 329
f 356 333 351
f 351 333 330
f 356 351 355
f 355 351 350
f 354 328 356
f 356 328 333
f 334 325 354
f 354 325 328
f 320 315 319
f 319 315 309
f 320 321 340
f 340 321 339
f 314 315 340
f 340 315 320
f 137 261 136
f 136 261 259
f 165 166 141
f 141 166 140
f 196 171 195
f 195 171 172
f 190 174 196
f 196 174 171
f 187 177 264
f 264 177 178
f 166 195 140
f 140 195 172
f 275 261 262
f 262 261 137
f 138 264 141
f 141 264 178
f 262 213 177
f 177 213 176
f 173 174 259
f 259 174 136
f 360 359 357
f 357 359 358
f 364 363 361
f 361 363 362
f 366 364 365
f 365 364 361
f 367 370 368
f 368 370 369
f 372 371 247
f 247 371 76
f 363 374 362
f 362 374 373
f 378 377 375
f 375 377 376
f 289 380 229
f 229 380 379
f 229 379 263
f 263 379 381
f 385 384 382
f 382 384 383
f 363 368 374
f 374 368 386
f 76 371 289
f 289 371 380
f 377 359 376
f 376 359 387
f 374 386 360
f 360 386 388
f 389 366 383
f 383 366 390
f 394 393 391
f 391 393 392
f 383 390 382
f 382 390 395
f 366 365 390
f 390 365 396
f 364 366 367
f 367 366 389
f 398 397 358
f 358 397 357
f 397 399 357
f 357 399 373
f 389 400 367
f 367 400 370
f 372 385 375
f 375 385 382
f 374 360 373
f 373 360 357
f 402 401 362
f 362 401 361
f 360 388 359
f 359 388 387
f 363 364 368
f 368 364 367
f 404 398 403
f 403 398 358
f 391 392 405
f 405 392 396
f 378 395 393
f 393 395 392
f 393 394 403
f 403 394 404
f 395 378 382
f 382 378 375
f 405 396 406
f 406 396 365
f 399 402 373
f 373 402 362
f 384 270 400
f 400 270 271
f 401 406 361
f 361 406 365
f 368 369 386
f 386 369 381
f 390 396 395
f 395 396 392
f 377 378 403
f 403 378 393
f 359 377 358
f 358 377 403
f 406 408 405
f 405 408 407
f 409 408 401
f 401 408 406
f 410 409 402
f 402 409 401
f 411 410 399
f 399 410 402
f 405 407 391
f 391 407 412
f 391 412 394
f 394 412 413
f 414 404 413
f 413 404 394
f 415 412 416
f 416 412 407
f 420 419 417
f 417 419 418
f 419 422 418
f 418 422 421
f 419 424 422
f 422 424 423
f 427 426 424
f 424 426 425
f 425 428 424
f 424 428 423
f 427 424 420
f 420 424 419
f 420 417 429
f 429 417 430
f 423 431 422
f 422 431 421
f 408 409 431
f 431 409 421
f 421 409 432
f 432 409 410
f 418 421 433
f 433 421 432
f 434 417 433
f 433 417 418
f 428 416 423
f 423 416 431
f 408 431 407
f 407 431 416
f 417 434 430
f 430 434 435
f 437 434 436
f 436 434 433
f 434 437 435
f 435 437 438
f 440 437 439
f 439 437 436
f 442 441 436
f 436 441 439
f 438 437 443
f 443 437 440
f 432 442 433
f 433 442 436
f 411 442 410
f 410 442 432
f 435 445 430
f 430 445 444
f 430 444 429
f 429 444 446
f 416 428 447
f 447 428 425
f 426 448 425
f 425 448 447
f 449 415 447
f 447 415 416
f 450 449 448
f 448 449 447
f 426 452 448
f 448 452 451
f 446 444 452
f 452 444 451
f 453 411 397
f 397 411 399
f 414 454 404
f 404 454 398
f 397 398 453
f 453 398 454
f 453 454 441
f 441 454 455
f 441 455 439
f 439 455 456
f 457 455 414
f 414 455 454
f 441 442 453
f 453 442 411
f 458 457 413
f 413 457 414
f 412 415 413
f 413 415 458
f 458 415 459
f 459 415 449
f 459 460 458
f 458 460 457
f 461 462 459
f 459 462 460
f 460 456 457
f 457 456 455
f 456 460 463
f 463 460 462
f 450 461 449
f 449 461 459
f 461 450 464
f 464 450 465
f 468 467 466
f 466 467 464
f 462 461 467
f 467 461 464
f 464 465 466
f 466 465 445
f 444 445 451
f 451 445 465
f 450 448 465
f 465 448 451
f 463 440 456
f 456 440 439
f 468 443 463
f 463 443 440
f 468 463 467
f 467 463 462
f 466 438 468
f 468 438 443
f 445 435 466
f 466 435 438
f 446 427 429
f 429 427 420
f 426 427 452
f 452 427 446
f 370 188 369
f 369 188 186
f 375 376 372
f 372 376 371
f 388 379 387
f 387 379 380
f 386 381 388
f 388 381 379
f 270 384 278
f 278 384 385
f 376 387 371
f 371 387 380
f 400 271 370
f 370 271 188
f 247 278 372
f 372 278 385
f 400 389 384
f 384 389 383
f 263 381 186
f 186 381 369
f 221 144 271
f 271 144 188
f 22 19 207
f 207 19 221
f 23 18 22
f 22 18 19
f 208 219 23
f 23 219 18
f 469 472 470
f 470 472 471
f 476 475 473
f 473 475 474
f 478 476 477
f 477 476 473
f 482 481 479
f 479 481 480
f 475 484 474
f 474 484 483
f 488 487 485
f 485 487 486
f 142 490 77
f 77 490 489
f 77 489 248
f 248 489 491
f 495 494 492
f 492 494 493
f 475 480 484
f 484 480 496
f 471 497 487
f 487 497 486
f 484 496 472
f 472 496 498
f 499 478 493
f 493 478 500
f 501 504 502
f 502 504 503
f 493 500 492
f 492 500 505
f 478 477 500
f 500 477 506
f 476 478 479
f 479 478 499
f 508 507 470
f 470 507 469
f 507 509 469
f 469 509 483
f 510 482 499
f 499 482 479
f 511 495 485
f 485 495 492
f 483 484 469
f 469 484 472
f 513 512 474
f 474 512 473
f 472 498 471
f 471 498 497
f 475 476 480
f 480 476 479
f 515 508 514
f 514 508 470
f 501 502 516
f 516 502 506
f 503 488 502
f 502 488 505
f 504 515 503
f 503 515 514
f 505 488 492
f 492 488 485
f 516 506 517
f 517 506 477
f 509 513 483
f 483 513 474
f 510 494 292
f 292 494 164
f 512 517 473
f 473 517 477
f 480 481 496
f 496 481 491
f 500 506 505
f 505 506 502
f 487 488 514
f 514 488 503
f 471 487 470
f 470 487 514
f 517 519 516
f 516 519 518
f 520 519 512
f 512 519 517
f 521 520 513
f 513 520 512
f 522 521 509
f 509 521 513
f 516 518 501
f 501 518 523
f 501 523 504
f 504 523 524
f 524 525 504
f 504 525 515
f 526 523 527
f 527 523 518
f 531 530 528
f 528 530 529
f 530 533 529
f 529 533 532
f 530 535 533
f 533 535 534
f 538 537 535
f 535 537 536
f 536 539 535
f 535 539 534
f 538 535 531
f 531 535 530
f 528 541 531
f 531 541 540
f 542 532 534
f 534 532 533
f 519 520 542
f 542 520 532
f 532 520 543
f 543 520 521
f 529 532 544
f 544 532 543
f 528 529 545
f 545 529 544
f 534 539 542
f 542 539 527
f 519 542 518
f 518 542 527
f 541 528 546
f 546 528 545
f 547 548 544
f 544 548 545
f 548 549 545
f 545 549 546
f 550 551 547
f 547 551 548
f 547 553 550
f 550 553 552
f 549 548 554
f 554 548 551
f 544 543 547
f 547 543 553
f 522 553 521
f 521 553 543
f 546 556 541
f 541 556 555
f 541 555 540
f 540 555 557
f 527 539 558
f 558 539 536
f 537 559 536
f 536 559 558
f 560 526 558
f 558 526 527
f 559 561 558
f 558 561 560
f 559 537 562
f 562 537 563
f 557 555 563
f 563 555 562
f 564 522 507
f 507 522 509
f 525 565 515
f 515 565 508
f 507 508 564
f 564 508 565
f 564 565 552
f 552 565 566
f 552 566 550
f 550 566 567
f 568 566 525
f 525 566 565
f 553 522 552
f 552 522 564
f 569 568 524
f 524 568 525
f 523 526 524
f 524 526 569
f 526 560 569
f 569 560 570
f 570 571 569
f 569 571 568
f 572 573 570
f 570 573 571
f 571 567 568
f 568 567 566
f 567 571 574
f 574 571 573
f 561 572 560
f 560 572 570
f 572 561 575
f 575 561 576
f 579 578 577
f 577 578 575
f 573 572 578
f 578 572 575
f 575 576 577
f 577 576 556
f 555 556 562
f 562 556 576
f 561 559 576
f 576 559 562
f 574 551 567
f 567 551 550
f 579 554 574
f 574 554 551
f 579 574 578
f 578 574 573
f 549 554 577
f 577 554 579
f 556 546 577
f 577 546 549
f 557 538 540
f 540 538 531
f 537 538 563
f 563 538 557
f 293 294 482
f 482 294 481
f 485 486 511
f 511 486 580
f 498 489 497
f 497 489 490
f 496 491 498
f 498 491 489
f 163 164 495
f 495 164 494
f 580 486 490
f 490 486 497
f 292 293 510
f 510 293 482
f 199 163 511
f 511 163 495
f 499 493 510
f 510 493 494
f 248 491 294
f 294 491 481
f 584 583 581
f 581 583 582
f 588 587 585
f 585 587 586
f 590 588 589
f 589 588 585
f 594 593 591
f 591 593 592
f 595 598 596
f 596 598 597
f 587 600 586
f 586 600 599
f 601 604 602
f 602 604 603
f 605 608 606
f 606 608 607
f 606 607 200
f 200 607 609
f 610 613 611
f 611 613 612
f 600 587 614
f 614 587 592
f 596 597 605
f 605 597 608
f 583 615 603
f 603 615 602
f 600 614 584
f 584 614 616
f 590 618 617
f 617 618 611
f 622 621 619
f 619 621 620
f 618 623 611
f 611 623 610
f 590 589 618
f 618 589 624
f 588 590 591
f 591 590 617
f 626 625 582
f 582 625 581
f 625 627 581
f 581 627 599
f 628 594 617
f 617 594 591
f 601 598 610
f 610 598 613
f 600 584 599
f 599 584 581
f 630 629 586
f 586 629 585
f 584 616 583
f 583 616 615
f 587 588 592
f 592 588 591
f 632 626 631
f 631 626 582
f 619 620 633
f 633 620 624
f 621 604 620
f 620 604 623
f 622 632 621
f 621 632 631
f 610 623 601
f 601 623 604
f 633 624 634
f 634 624 589
f 627 630 599
f 599 630 586
f 612 202 628
f 628 202 203
f 629 634 585
f 585 634 589
f 592 593 614
f 614 593 609
f 618 624 623
f 623 624 620
f 631 603 621
f 621 603 604
f 582 583 631
f 631 583 603
f 634 636 633
f 633 636 635
f 637 636 629
f 629 636 634
f 638 637 630
f 630 637 629
f 639 638 627
f 627 638 630
f 633 635 619
f 619 635 640
f 619 640 622
f 622 640 641
f 641 642 622
f 622 642 632
f 640 635 643
f 643 635 644
f 645 648 646
f 646 648 647
f 647 650 646
f 646 650 649
f 647 652 650
f 650 652 651
f 652 655 653
f 653 655 654
f 653 656 652
f 652 656 651
f 655 652 648
f 648 652 647
f 648 645 657
f 657 645 658
f 659 649 651
f 651 649 650
f 636 637 659
f 659 637 649
f 649 637 660
f 660 637 638
f 649 660 646
f 646 660 661
f 662 645 661
f 661 645 646
f 651 656 659
f 659 656 644
f 636 659 635
f 635 659 644
f 645 662 658
f 658 662 663
f 664 665 661
f 661 665 662
f 665 666 662
f 662 666 663
f 667 668 664
f 664 668 665
f 664 670 667
f 667 670 669
f 666 665 671
f 671 665 668
f 661 660 664
f 664 660 670
f 639 670 638
f 638 670 660
f 673 672 663
f 663 672 658
f 658 672 657
f 657 672 674
f 644 656 675
f 675 656 653
f 676 675 654
f 654 675 653
f 675 677 644
f 644 677 643
f 676 678 675
f 675 678 677
f 654 680 676
f 676 680 679
f 674 672 680
f 680 672 679
f 681 639 625
f 625 639 627
f 642 682 632
f 632 682 626
f 681 625 682
f 682 625 626
f 682 683 681
f 681 683 669
f 683 684 669
f 669 684 667
f 685 683 642
f 642 683 682
f 670 639 669
f 669 639 681
f 686 685 641
f 641 685 642
f 641 640 686
f 686 640 643
f 686 643 687
f 687 643 677
f 687 688 686
f 686 688 685
f 689 690 687
f 687 690 688
f 688 684 685
f 685 684 683
f 684 688 691
f 691 688 690
f 678 689 677
f 677 689 687
f 689 678 692
f 692 678 693
f 696 695 694
f 694 695 692
f 690 689 695
f 695 689 692
f 692 693 694
f 694 693 673
f 672 673 679
f 679 673 693
f 678 676 693
f 693 676 679
f 684 691 667
f 667 691 668
f 696 671 691
f 691 671 668
f 696 691 695
f 695 691 690
f 694 666 696
f 696 666 671
f 673 663 694
f 694 663 666
f 674 655 657
f 657 655 648
f 654 655 680
f 680 655 674
f 290 162 594
f 594 162 593
f 598 601 597
f 597 601 602
f 615 616 608
f 608 616 607
f 614 609 616
f 616 609 607
f 598 595 613
f 613 595 697
f 597 602 608
f 608 602 615
f 203 290 628
f 628 290 594
f 628 617 612
f 612 617 611
f 200 609 162
f 162 609 593
f 699 29 698
f 698 29 105
f 268 701 126
f 126 701 700
f 126 700 125
f 125 700 702
f 704 703 250
f 250 703 252
f 32 705 268
f 268 705 701
f 698 105 706
f 706 105 288
f 29 699 32
f 32 699 705
f 707 706 251
f 251 706 288
f 702 704 125
f 125 704 250
f 703 707 252
f 252 707 251
f 709 708 707
f 707 708 706
f 710 709 703
f 703 709 707
f 711 710 704
f 704 710 703
f 712 711 702
f 702 711 704
f 706 708 698
f 698 708 713
f 698 713 699
f 699 713 714
f 715 705 714
f 714 705 699
f 713 708 716
f 716 708 717
f 721 720 718
f 718 720 719
f 720 723 719
f 719 723 722
f 720 725 723
f 723 725 724
f 727 726 725
f 725 726 724
f 728 725 721
f 721 725 720
f 730 728 729
f 729 728 721
f 718 731 721
f 721 731 729
f 724 732 723
f 723 732 722
f 709 710 732
f 732 710 722
f 722 710 733
f 733 710 711
f 719 722 734
f 734 722 733
f 718 719 735
f 735 719 734
f 724 726 732
f 732 726 717
f 709 732 708
f 708 732 717
f 731 718 736
f 736 718 735
f 737 738 734
f 734 738 735
f 738 739 735
f 735 739 736
f 740 741 737
f 737 741 738
f 737 743 740
f 740 743 742
f 739 738 744
f 744 738 741
f 734 733 737
f 737 733 743
f 712 743 711
f 711 743 733
f 736 746 731
f 731 746 745
f 731 745 729
f 729 745 730
f 717 726 747
f 747 726 727
f 748 749 727
f 727 749 747
f 747 750 717
f 717 750 716
f 749 751 747
f 747 751 750
f 749 748 752
f 752 748 753
f 730 745 753
f 753 745 752
f 727 725 748
f 748 725 728
f 748 728 753
f 753 728 730
f 700 754 702
f 702 754 712
f 705 715 701
f 701 715 755
f 754 700 755
f 755 700 701
f 755 756 754
f 754 756 742
f 756 757 742
f 742 757 740
f 758 756 715
f 715 756 755
f 743 712 742
f 742 712 754
f 759 758 714
f 714 758 715
f 714 713 759
f 759 713 716
f 759 716 760
f 760 716 750
f 760 761 759
f 759 761 758
f 762 763 760
f 760 763 761
f 761 757 758
f 758 757 756
f 757 761 764
f 764 761 763
f 751 762 750
f 750 762 760
f 762 751 765
f 765 751 766
f 767 769 765
f 765 769 768
f 763 762 768
f 768 762 765
f 765 766 767
f 767 766 746
f 745 746 752
f 752 746 766
f 751 749 766
f 766 749 752
f 757 764 740
f 740 764 741
f 769 744 764
f 764 744 741
f 769 764 768
f 768 764 763
f 767 739 769
f 769 739 744
f 746 736 767
f 767 736 739
f 209 217 208
f 208 217 219
f 209 210 217
f 217 210 193
f 511 580 199
f 199 580 198
f 76 289 75
f 75 289 272
f 184 207 291
f 291 207 277
f 84 183 203
f 203 183 290
f 198 580 142
f 142 580 490
f 142 143 198
f 198 143 197
f 73 276 72
f 72 276 149
f 104 279 103
f 103 279 770
f 770 279 596
f 596 279 595
f 605 771 596
f 596 771 770
f 771 772 770
f 770 772 103
f 772 773 103
f 103 773 102
f 102 774 101
f 101 774 155
f 773 97 102
f 102 97 774
f 97 773 100
f 100 773 775
f 773 772 775
f 775 772 776
f 772 771 776
f 776 771 777
f 200 197 606
f 606 197 777
f 74 71 778
f 778 71 189
f 155 774 98
f 98 774 97
f 291 161 184
f 184 161 183
f 143 276 197
f 197 276 777
f 605 606 771
f 771 606 777
f 202 612 697
f 697 612 613
f 595 279 697
f 697 279 202
f 73 776 276
f 276 776 777
f 776 73 775
f 775 73 74
f 74 778 775
f 775 778 100
f 778 189 100
f 100 189 99
f 189 242 99
f 99 242 245
f 131 256 33
f 62 1 95
f 95 1 28
f 1 2 28
f 28 2 27
f 114 115 266
f 266 115 265
f 95 69 62
f 62 69 64
f 65 61 64
f 64 61 62
f 130 13 65
f 65 13 61
f 14 12 130
f 130 12 13
f 268 11 32
f 32 11 31
f 15 31 12
f 12 31 11
f 231 30 15
f 15 30 31
f 232 106 231
f 231 106 30
f 232 237 106
f 106 237 287
f 237 90 287
f 287 90 254
f 90 44 254
f 254 44 253
f 7 249 44
f 44 249 253
f 126 127 268
f 268 127 267
f 116 3 241
f 241 3 10
f 114 2 116
f 116 2 3
f 266 27 114
f 114 27 2
f 113 26 266
f 266 26 27
f 110 286 113
f 113 286 26
f 255 243 110
f 110 243 286
f 256 242 255
f 255 242 243
f 131 245 256
f 256 245 242
f 132 244 131
f 131 244 245
f 41 37 115
f 115 37 265
f 41 42 37
f 37 42 40
f 42 91 40
f 40 91 92
f 91 233 92
f 92 233 236
f 233 194 236
f 236 194 191
f 132 285 244
f 244 285 258
f 285 55 258
f 258 55 257
f 185 154 201
f 201 154 257
f 180 201 204
f 204 201 56
f 55 56 257
f 257 56 201
f 204 56 85
f 85 56 52
f 79 122 53
f 53 122 86
f 122 215 86
f 86 215 212
f 215 216 212
f 212 216 211
f 216 280 211
f 211 280 192
f 191 192 240
f 240 192 280
f 8 124 7
f 7 124 249
f 241 127 8
f 8 127 124
f 10 267 241
f 241 267 127
f 10 9 267
f 267 9 11

o geometry_1
v 111.85618591 63.97495270 445.53030396 0.04705882 0.02745098 0.52549020
v 113.23226929 74.84516907 446.89074707 0.04705882 0.02745098 0.52549020
v 103.52452087 72.03318787 444.50982666 0.04705882 0.02745098 0.52549020
v 103.64527893 61.06895447 441.41943359 0.04705882 0.02745098 0.52549020
v 103.75975800 95.11203003 445.73269653 0.04705882 0.02745098 0.52549020
v 104.13961029 102.73991394 436.80657959 0.04705882 0.02745098 0.52549020
v 92.99221802 93.18504333 434.00555420 0.04705882 0.02745098 0.52549020
v 93.26837921 88.43498230 442.50109863 0.04705882 0.02745098 0.52549020
v 99.62868500 58.44650650 436.41961670 0.04705882 0.02745098 0.52549020
v 97.10351562 69.06541443 442.32382202 0.04705882 0.02745098 0.52549020
v 98.66433716 57.11930466 430.61053467 0.04705882 0.02745098 0.52549020
v 107.49224091 47.38372040 424.56347656 0.04705882 0.02745098 0.52549020
v 104.84045410 49.09734726 430.13397217 0.04705882 0.02745098 0.52549020
v 111.24656677 40.25402451 422.76922607 0.04705882 0.02745098 0.52549020
v 116.54248810 50.23554611 419.48577881 0.04705882 0.02745098 0.52549020
v 120.29395294 37.85459900 423.14764404 0.04705882 0.02745098 0.52549020
v 142.74026489 49.62826157 436.26049805 0.04705882 0.02745098 0.52549020
v 148.55264282 50.16907883 448.39056396 0.04705882 0.02745098 0.52549020
v 142.17625427 34.70263672 449.68017578 0.04705882 0.02745098 0.52549020
v 135.49111938 36.84056854 437.58123779 0.04705882 0.02745098 0.52549020
v 148.58207703 41.62450790 467.59741211 0.04705882 0.02745098 0.52549020
v 144.16371155 36.70965576 457.71697998 0.04705882 0.02745098 0.52549020
v 152.15588379 52.11912537 456.37570190 0.04705882 0.02745098 0.52549020
v 155.21987915 55.98756027 465.86306763 0.04705882 0.02745098 0.52549020
v 122.22716522 68.53347778 456.52453613 0.04705882 0.02745098 0.52549020
v 125.37451935 78.45410156 457.76858521 0.04705882 0.02745098 0.52549020
v 122.53670502 76.89379883 453.05566406 0.04705882 0.02745098 0.52549020
v 119.44181824 67.48383331 451.96853638 0.04705882 0.02745098 0.52549020
v 91.61239624 63.84185028 422.08129883 0.04705882 0.02745098 0.52549020
v 104.69233704 65.36784363 417.77648926 0.04705882 0.02745098 0.52549020
v 102.69250488 58.71273422 423.59188843 0.04705882 0.02745098 0.52549020
v 90.11619568 61.87229919 427.67388916 0.04705882 0.02745098 0.52549020
v 132.47576904 103.89154053 471.23675537 0.04705882 0.02745098 0.52549020
v 141.84664917 113.10843658 467.23327637 0.04705882 0.02745098 0.52549020
v 140.22184753 113.52689362 461.45791626 0.04705882 0.02745098 0.52549020
v 132.64198303 104.03059387 466.03195190 0.04705882 0.02745098 0.52549020
v 125.14205170 112.06008148 442.50830078 0.04705882 0.02745098 0.52549020
v 135.78218079 115.70938110 443.03198242 0.04705882 0.02745098 0.52549020
v 142.22488403 119.79151917 431.37515259 0.04705882 0.02745098 0.52549020
v 133.69627380 114.14610291 427.76181030 0.04705882 0.02745098 0.52549020
v 113.94686127 107.75788116 439.61120605 0.04705882 0.02745098 0.52549020
v 120.41238403 110.10965729 427.27963257 0.04705882 0.02745098 0.52549020
v 108.34902954 103.56185150 426.73818970 0.04705882 0.02745098 0.52549020
v 95.93025208 92.81675720 425.91909790 0.04705882 0.02745098 0.52549020
v 147.96929932 112.48762512 478.62564087 0.04705882 0.02745098 0.52549020
v 141.60235596 106.14653778 484.24346924 0.04705882 0.02745098 0.52549020
v 85.97721100 0.68817902 430.86764526 0.04705882 0.02745098 0.52549020
v 86.86077881 0.88266754 436.52825928 0.04705882 0.02745098 0.52549020
v 88.85717010 4.36103058 435.65609741 0.04705882 0.02745098 0.52549020
v 88.01217651 3.52761078 429.89126587 0.04705882 0.02745098 0.52549020
v 161.86062622 100.84197998 484.47674561 0.04705882 0.02745098 0.52549020
v 170.45970154 97.04563141 480.18035889 0.04705882 0.02745098 0.52549020
v 173.01153564 104.28402710 480.41952515 0.04705882 0.02745098 0.52549020
v 164.38462830 107.89302826 482.46423340 0.04705882 0.02745098 0.52549020
v 158.31086731 91.29203796 486.66070557 0.04705882 0.02745098 0.52549020
v 166.06951904 87.41683197 478.89968872 0.04705882 0.02745098 0.52549020
v 93.06658936 -8.48452759 425.59335327 0.04705882 0.02745098 0.52549020
v 89.09227753 -5.31858826 424.92944336 0.04705882 0.02745098 0.52549020
v 92.85364532 -2.80184174 423.30783081 0.04705882 0.02745098 0.52549020
v 97.25268555 -5.95307159 424.25964355 0.04705882 0.02745098 0.52549020
v 104.78178406 51.82252502 436.51852417 0.04705882 0.02745098 0.52549020
v 109.11835480 54.78442001 444.02389526 0.04705882 0.02745098 0.52549020
v 102.30490875 35.28876495 435.10659790 0.04705882 0.02745098 0.52549020
v 105.53775787 42.68254471 439.91616821 0.04705882 0.02745098 0.52549020
v 104.82437134 43.95167542 432.90301514 0.04705882 0.02745098 0.52549020
v 103.46652222 37.46240997 429.16793823 0.04705882 0.02745098 0.52549020
v 116.75798035 46.86199951 460.40762329 0.04705882 0.02745098 0.52549020
v 120.69821930 57.66145325 459.69879150 0.04705882 0.02745098 0.52549020
v 117.77836609 56.09700012 454.00167847 0.04705882 0.02745098 0.52549020
v 112.22615051 44.65167236 453.58044434 0.04705882 0.02745098 0.52549020
v 123.37506866 59.68319321 473.99237061 0.04705882 0.02745098 0.52549020
v 120.40856171 48.68897247 473.16815186 0.04705882 0.02745098 0.52549020
v 122.53012085 51.28409195 481.46142578 0.04705882 0.02745098 0.52549020
v 123.61588287 58.97460175 480.94628906 0.04705882 0.02745098 0.52549020
v 114.29292297 28.96788788 469.19485474 0.04705882 0.02745098 0.52549020
v 114.26676941 20.34631348 467.77011108 0.04705882 0.02745098 0.52549020
v 115.97706604 19.70498657 470.79244995 0.04705882 0.02745098 0.52549020
v 116.00849915 29.23876953 472.35910034 0.04705882 0.02745098 0.52549020
v 175.59922791 111.55587006 480.22604370 0.04705882 0.02745098 0.52549020
v 166.06657410 115.19841766 480.02844238 0.04705882 0.02745098 0.52549020
v 151.50370789 50.05235291 489.29101562 0.04705882 0.02745098 0.52549020
v 147.08715820 58.23064804 497.85235596 0.04705882 0.02745098 0.52549020
v 142.54173279 45.71155930 500.38769531 0.04705882 0.02745098 0.52549020
v 148.26525879 40.71440887 491.77966309 0.04705882 0.02745098 0.52549020
v 173.88641357 93.57627869 471.29779053 0.04705882 0.02745098 0.52549020
v 178.77474976 100.47830200 473.16122437 0.04705882 0.02745098 0.52549020
v 97.06697083 -11.25522614 429.70422363 0.04705882 0.02745098 0.52549020
v 100.85220337 -8.42306519 428.67095947 0.04705882 0.02745098 0.52549020
v 119.08239746 98.64958954 418.61215210 0.04705882 0.02745098 0.52549020
v 101.62995911 88.28926849 418.89123535 0.04705882 0.02745098 0.52549020
v 133.63818359 106.64215088 419.71652222 0.04705882 0.02745098 0.52549020
v 144.57916260 110.79223633 423.54067993 0.04705882 0.02745098 0.52549020
v 151.70895386 117.13136292 425.18804932 0.04705882 0.02745098 0.52549020
v 105.94424438 39.08296204 445.51278687 0.04705882 0.02745098 0.52549020
v 115.06542969 59.05331421 449.49584961 0.04705882 0.02745098 0.52549020
v 124.31298828 68.97576904 461.50347900 0.04705882 0.02745098 0.52549020
v 129.91033936 70.82313538 494.41677856 0.04705882 0.02745098 0.52549020
v 132.91973877 81.62246704 493.57760620 0.04705882 0.02745098 0.52549020
v 127.10132599 77.47856140 483.93087769 0.04705882 0.02745098 0.52549020
v 126.25447845 68.82321167 486.75106812 0.04705882 0.02745098 0.52549020
v 139.96719360 61.01073837 503.22717285 0.04705882 0.02745098 0.52549020
v 132.20822144 60.79328156 500.43536377 0.04705882 0.02745098 0.52549020
v 129.60552979 52.46743011 501.34619141 0.04705882 0.02745098 0.52549020
v 136.21807861 50.93098450 503.43811035 0.04705882 0.02745098 0.52549020
v 91.12447357 68.83888245 416.66534424 0.04705882 0.02745098 0.52549020
v 107.24275208 71.83622742 414.94668579 0.04705882 0.02745098 0.52549020
v 151.99734497 104.88704681 486.37164307 0.04705882 0.02745098 0.52549020
v 154.35458374 110.98659515 481.61486816 0.04705882 0.02745098 0.52549020
v 158.98300171 118.51688385 479.24407959 0.04705882 0.02745098 0.52549020
v 127.92446136 91.37396240 463.50524902 0.04705882 0.02745098 0.52549020
v 132.85208130 104.37368774 462.16171265 0.04705882 0.02745098 0.52549020
v 130.55880737 104.01389313 457.51504517 0.04705882 0.02745098 0.52549020
v 127.66574097 90.56397247 459.71414185 0.04705882 0.02745098 0.52549020
v 114.57322693 87.23822784 450.09982300 0.04705882 0.02745098 0.52549020
v 115.93782806 100.03868103 449.63964844 0.04705882 0.02745098 0.52549020
v 103.48806763 83.60166931 448.29293823 0.04705882 0.02745098 0.52549020
v 138.63339233 115.45769501 453.32531738 0.04705882 0.02745098 0.52549020
v 144.81660461 123.37302399 459.78430176 0.04705882 0.02745098 0.52549020
v 143.23161316 124.03656006 450.78030396 0.04705882 0.02745098 0.52549020
v 149.25808716 122.24801636 468.67913818 0.04705882 0.02745098 0.52549020
v 153.63439941 121.52381897 476.47052002 0.04705882 0.02745098 0.52549020
v 185.45872498 107.07867432 473.92755127 0.04705882 0.02745098 0.52549020
v 143.38702393 122.88437653 442.14587402 0.04705882 0.02745098 0.52549020
v 87.53430176 82.76768494 439.98593140 0.04705882 0.02745098 0.52549020
v 81.18464661 78.00258636 436.36297607 0.04705882 0.02745098 0.52549020
v 84.39162445 71.13468170 438.49856567 0.04705882 0.02745098 0.52549020
v 90.06214905 74.85354614 442.12026978 0.04705882 0.02745098 0.52549020
v 111.53051758 31.45252228 421.17108154 0.04705882 0.02745098 0.52549020
v 105.95820618 34.92394257 424.49942017 0.04705882 0.02745098 0.52549020
v 106.27809143 43.83794403 426.26904297 0.04705882 0.02745098 0.52549020
v 129.92507935 94.15229797 477.08489990 0.04705882 0.02745098 0.52549020
v 138.31600952 96.65725708 488.77374268 0.04705882 0.02745098 0.52549020
v 103.39202118 31.20023346 439.81024170 0.04705882 0.02745098 0.52549020
v 100.58291626 -1.59329224 424.18078613 0.04705882 0.02745098 0.52549020
v 96.11148834 1.48526001 422.78988647 0.04705882 0.02745098 0.52549020
v 105.14891052 17.94630432 421.86166382 0.04705882 0.02745098 0.52549020
v 109.95155334 14.21238708 423.04531860 0.04705882 0.02745098 0.52549020
v 107.67688751 21.55646515 439.79025269 0.04705882 0.02745098 0.52549020
v 103.48840332 26.16072845 438.50952148 0.04705882 0.02745098 0.52549020
v 103.09465027 23.18750000 438.43978882 0.04705882 0.02745098 0.52549020
v 105.24421692 18.19263458 441.43927002 0.04705882 0.02745098 0.52549020
v 118.14221191 24.34404755 478.61734009 0.04705882 0.02745098 0.52549020
v 119.01918030 32.48925781 479.94363403 0.04705882 0.02745098 0.52549020
v 126.97858429 24.02799225 439.00067139 0.04705882 0.02745098 0.52549020
v 126.03593445 28.29116058 426.95956421 0.04705882 0.02745098 0.52549020
v 130.93264771 37.26815033 428.07489014 0.04705882 0.02745098 0.52549020
v 119.09320831 48.59804916 467.61376953 0.04705882 0.02745098 0.52549020
v 116.20699310 38.70095825 469.05908203 0.04705882 0.02745098 0.52549020
v 117.88381958 38.85171509 472.87869263 0.04705882 0.02745098 0.52549020
v 106.55688477 35.27001953 448.09069824 0.04705882 0.02745098 0.52549020
v 105.77238464 28.00418854 444.41567993 0.04705882 0.02745098 0.52549020
v 107.64860535 29.55201721 450.14343262 0.04705882 0.02745098 0.52549020
v 109.56444550 36.51772308 452.81848145 0.04705882 0.02745098 0.52549020
v 152.78091431 70.51167297 495.09399414 0.04705882 0.02745098 0.52549020
v 144.55017090 73.60205841 501.50271606 0.04705882 0.02745098 0.52549020
v 86.53048706 -1.77478027 426.61288452 0.04705882 0.02745098 0.52549020
v 89.37106323 0.96009827 425.21731567 0.04705882 0.02745098 0.52549020
v 122.79804993 59.17070770 466.68225098 0.04705882 0.02745098 0.52549020
v 134.97564697 49.21666336 428.44473267 0.04705882 0.02745098 0.52549020
v 125.06008148 69.77413940 466.94406128 0.04705882 0.02745098 0.52549020
v 138.96231079 27.23401642 481.26800537 0.04705882 0.02745098 0.52549020
v 132.44772339 28.03479767 487.70642090 0.04705882 0.02745098 0.52549020
v 129.40945435 21.97539520 485.50799561 0.04705882 0.02745098 0.52549020
v 134.27532959 18.60989380 482.48544312 0.04705882 0.02745098 0.52549020
v 99.03059387 3.85728455 442.61901855 0.04705882 0.02745098 0.52549020
v 94.21459961 6.63417053 441.21682739 0.04705882 0.02745098 0.52549020
v 92.64549255 2.47812653 440.57214355 0.04705882 0.02745098 0.52549020
v 97.25996399 -0.74523926 442.35281372 0.04705882 0.02745098 0.52549020
v 101.78357697 28.71666718 434.16433716 0.04705882 0.02745098 0.52549020
v 101.87298584 30.30964661 428.44876099 0.04705882 0.02745098 0.52549020
v 99.41504669 24.34664917 429.57562256 0.04705882 0.02745098 0.52549020
v 100.56744385 23.86005402 434.62060547 0.04705882 0.02745098 0.52549020
v 104.60202026 27.39565277 423.73513794 0.04705882 0.02745098 0.52549020
v 101.34319305 21.82798767 424.42544556 0.04705882 0.02745098 0.52549020
v 103.46051788 0.31657410 439.60620117 0.04705882 0.02745098 0.52549020
v 106.46146393 -3.23000336 433.45690918 0.04705882 0.02745098 0.52549020
v 114.75114441 11.21261597 433.98144531 0.04705882 0.02745098 0.52549020
v 109.33008575 12.78202820 439.00085449 0.04705882 0.02745098 0.52549020
v 162.53990173 69.63172913 463.07150269 0.04705882 0.02745098 0.52549020
v 163.11877441 72.77996826 474.20642090 0.04705882 0.02745098 0.52549020
v 156.18212891 59.30342102 477.46127319 0.04705882 0.02745098 0.52549020
v 150.07360840 45.95357132 480.68286133 0.04705882 0.02745098 0.52549020
v 142.99224854 33.42948914 483.19631958 0.04705882 0.02745098 0.52549020
v 145.11593628 28.38095093 470.09820557 0.04705882 0.02745098 0.52549020
v 156.60522461 63.10370636 485.61392212 0.04705882 0.02745098 0.52549020
v 116.58207703 21.49138641 442.68292236 0.04705882 0.02745098 0.52549020
v 121.72988129 20.80469513 434.78030396 0.04705882 0.02745098 0.52549020
v 123.12718964 20.85620117 439.97109985 0.04705882 0.02745098 0.52549020
v 124.64801025 70.99501801 474.96563721 0.04705882 0.02745098 0.52549020
v 92.26025391 5.02073669 424.84674072 0.04705882 0.02745098 0.52549020
v 165.65542603 100.46174622 429.79421997 0.04705882 0.02745098 0.52549020
v 173.72424316 97.40055847 440.09936523 0.04705882 0.02745098 0.52549020
v 168.19149780 89.52210999 438.53051758 0.04705882 0.02745098 0.52549020
v 158.10290527 93.22546387 427.31225586 0.04705882 0.02745098 0.52549020
v 90.43780518 8.56286621 436.23037720 0.04705882 0.02745098 0.52549020
v 89.53843689 7.95394897 429.94735718 0.04705882 0.02745098 0.52549020
v 121.00525665 32.00235748 486.55517578 0.04705882 0.02745098 0.52549020
v 120.70067596 24.64962006 483.98229980 0.04705882 0.02745098 0.52549020
v 123.15594482 22.72288513 485.47540283 0.04705882 0.02745098 0.52549020
v 121.54064941 29.49829865 492.07852173 0.04705882 0.02745098 0.52549020
v 162.55358887 75.85351562 479.38836670 0.04705882 0.02745098 0.52549020
v 137.98963928 39.92585754 504.00741577 0.04705882 0.02745098 0.52549020
v 143.54260254 35.12622833 496.18090820 0.04705882 0.02745098 0.52549020
v 168.75700378 84.65023804 470.69961548 0.04705882 0.02745098 0.52549020
v 169.50491333 81.72122955 461.18835449 0.04705882 0.02745098 0.52549020
v 175.07485962 90.60160828 460.20269775 0.04705882 0.02745098 0.52549020
v 136.98205566 21.69248962 458.65707397 0.04705882 0.02745098 0.52549020
v 160.58120728 65.61847687 455.35525513 0.04705882 0.02745098 0.52549020
v 167.57922363 79.14083862 454.16943359 0.04705882 0.02745098 0.52549020
v 173.57888794 89.87610626 453.07489014 0.04705882 0.02745098 0.52549020
v 179.23184204 97.64834595 452.71734619 0.04705882 0.02745098 0.52549020
v 180.43011475 97.91859436 460.70343018 0.04705882 0.02745098 0.52549020
v 104.17829895 -3.88200378 428.97286987 0.04705882 0.02745098 0.52549020
v 103.30366516 -8.43614197 434.40020752 0.04705882 0.02745098 0.52549020
v 187.63285828 105.38447571 461.29083252 0.04705882 0.02745098 0.52549020
v 185.33551025 105.68478394 452.24179077 0.04705882 0.02745098 0.52549020
v 164.21984863 77.84818268 445.73727417 0.04705882 0.02745098 0.52549020
v 158.76631165 76.45999146 434.92129517 0.04705882 0.02745098 0.52549020
v 157.24473572 65.04502106 447.17807007 0.04705882 0.02745098 0.52549020
v 151.34378052 62.86236572 437.00677490 0.04705882 0.02745098 0.52549020
v 137.64892578 21.80603790 447.47351074 0.04705882 0.02745098 0.52549020
v 91.37127686 -15.42569733 442.24499512 0.04705882 0.02745098 0.52549020
v 98.06967163 -7.67151642 440.61773682 0.04705882 0.02745098 0.52549020
v 94.58213806 -3.85009766 442.92199707 0.04705882 0.02745098 0.52549020
v 89.34796143 -12.90042877 444.96221924 0.04705882 0.02745098 0.52549020
v 101.29383850 -4.47803497 439.98324585 0.04705882 0.02745098 0.52549020
v 99.64905548 -10.69510651 435.61065674 0.04705882 0.02745098 0.52549020
v 140.10749817 63.76876068 426.99014282 0.04705882 0.02745098 0.52549020
v 109.09454346 23.11446381 447.54904175 0.04705882 0.02745098 0.52549020
v 144.31622314 79.92285156 423.81240845 0.04705882 0.02745098 0.52549020
v 122.88276672 61.80373001 415.40194702 0.04705882 0.02745098 0.52549020
v 124.86598206 74.70581818 415.88476562 0.04705882 0.02745098 0.52549020
v 146.71186829 97.93648529 419.82369995 0.04705882 0.02745098 0.52549020
v 129.44796753 90.94640350 414.82727051 0.04705882 0.02745098 0.52549020
v 161.49420166 111.43309784 425.66616821 0.04705882 0.02745098 0.52549020
v 155.51547241 103.66716003 424.00103760 0.04705882 0.02745098 0.52549020
v 113.38904572 84.05480957 415.35919189 0.04705882 0.02745098 0.52549020
v 80.41226196 -6.99408722 436.51629639 0.04705882 0.02745098 0.52549020
v 82.42988586 -6.64029694 441.56253052 0.04705882 0.02745098 0.52549020
v 171.34317017 107.80977631 430.47485352 0.04705882 0.02745098 0.52549020
v 95.23692322 78.54046631 445.33261108 0.04705882 0.02745098 0.52549020
v 126.51790619 81.64827728 472.80465698 0.04705882 0.02745098 0.52549020
v 126.18997192 80.12884521 466.80462646 0.04705882 0.02745098 0.52549020
v 135.18041992 88.16828918 492.69665527 0.04705882 0.02745098 0.52549020
v 128.07543945 84.74961090 480.55584717 0.04705882 0.02745098 0.52549020
v 80.74244690 -9.10504150 431.77905273 0.04705882 0.02745098 0.52549020
v 117.11494446 14.55252838 466.05950928 0.04705882 0.02745098 0.52549020
v 119.02075958 16.49107361 467.15524292 0.04705882 0.02745098 0.52549020
v 86.35990143 87.69908142 433.10855103 0.04705882 0.02745098 0.52549020
v 80.81385803 83.66616821 431.21453857 0.04705882 0.02745098 0.52549020
v 83.16263580 80.23497009 418.40383911 0.04705882 0.02745098 0.52549020
v 80.99681091 83.92903900 424.38024902 0.04705882 0.02745098 0.52549020
v 87.96378326 88.04878235 424.55078125 0.04705882 0.02745098 0.52549020
v 91.31466675 84.30563354 417.75964355 0.04705882 0.02745098 0.52549020
v 127.80297852 91.45571136 466.60729980 0.04705882 0.02745098 0.52549020
v 127.85334778 91.90237427 470.77484131 0.04705882 0.02745098 0.52549020
v 155.39172363 81.76029968 491.40783691 0.04705882 0.02745098 0.52549020
v 146.77645874 84.79701233 497.58975220 0.04705882 0.02745098 0.52549020
v 109.20795441 24.22254944 421.64901733 0.04705882 0.02745098 0.52549020
v 118.82093811 28.01882172 421.81887817 0.04705882 0.02745098 0.52549020
v 114.88495636 20.62529755 422.98632812 0.04705882 0.02745098 0.52549020
v 114.91682434 12.68800354 427.69393921 0.04705882 0.02745098 0.52549020
v 112.46699524 20.61677551 445.21994019 0.04705882 0.02745098 0.52549020
v 112.41435242 19.74787903 438.81097412 0.04705882 0.02745098 0.52549020
v 124.04698944 101.58917999 453.56726074 0.04705882 0.02745098 0.52549020
v 123.60997009 88.60129547 454.81369019 0.04705882 0.02745098 0.52549020
v 93.17478943 67.21716309 439.25933838 0.04705882 0.02745098 0.52549020
v 87.60908508 64.67121887 435.71893311 0.04705882 0.02745098 0.52549020
v 113.25518799 38.60066986 459.73306274 0.04705882 0.02745098 0.52549020
v 130.10760498 12.78244019 457.39620972 0.04705882 0.02745098 0.52549020
v 131.44714355 12.95829010 447.32577515 0.04705882 0.02745098 0.52549020
v 110.70367432 29.71018982 458.95391846 0.04705882 0.02745098 0.52549020
v 85.41778564 -15.35736847 429.95608521 0.04705882 0.02745098 0.52549020
v 82.14355469 -11.94978333 429.79882812 0.04705882 0.02745098 0.52549020
v 120.13023376 19.36815643 427.33178711 0.04705882 0.02745098 0.52549020
v 119.88900757 40.72797012 481.49053955 0.04705882 0.02745098 0.52549020
v 132.50735474 18.97597504 463.97628784 0.04705882 0.02745098 0.52549020
v 124.07144928 12.38581085 463.27038574 0.04705882 0.02745098 0.52549020
v 133.15567017 46.29778290 504.32501221 0.04705882 0.02745098 0.52549020
v 178.87649536 105.88656616 440.22134399 0.04705882 0.02745098 0.52549020
v 90.15457153 -0.96379089 441.86203003 0.04705882 0.02745098 0.52549020
v 85.49794006 -7.91674042 445.08435059 0.04705882 0.02745098 0.52549020
v 92.36592865 -16.98481750 438.60018921 0.04705882 0.02745098 0.52549020
v 90.45884705 -17.16371918 433.17581177 0.04705882 0.02745098 0.52549020
v 147.74591064 94.65623474 492.15722656 0.04705882 0.02745098 0.52549020
v 126.75154114 79.07620239 462.92004395 0.04705882 0.02745098 0.52549020
v 100.13618469 79.31003571 414.80178833 0.04705882 0.02745098 0.52549020
v 87.57540894 74.91227722 415.70587158 0.04705882 0.02745098 0.52549020
v 110.42370605 23.62718201 458.71072388 0.04705882 0.02745098 0.52549020
v 139.14941406 31.02488708 489.42581177 0.04705882 0.02745098 0.52549020
v 140.79821777 20.42972565 473.32519531 0.04705882 0.02745098 0.52549020
v 135.93745422 13.51281738 475.58187866 0.04705882 0.02745098 0.52549020
v 130.76742554 11.67607880 470.49639893 0.04705882 0.02745098 0.52549020
v 123.11245728 11.53892517 468.36376953 0.04705882 0.02745098 0.52549020
v 89.31286621 -20.22787476 440.42932129 0.04705882 0.02745098 0.52549020
v 87.38836670 -20.36824799 435.18551636 0.04705882 0.02745098 0.52549020
v 82.38184357 -18.97385406 431.76065063 0.04705882 0.02745098 0.52549020
v 79.16926575 -15.67529297 431.38208008 0.04705882 0.02745098 0.52549020
v 78.38562775 -11.89208221 433.59277344 0.04705882 0.02745098 0.52549020
v 88.20014191 -19.08413696 444.47409058 0.04705882 0.02745098 0.52549020
v 86.38558197 -16.71548462 446.84634399 0.04705882 0.02745098 0.52549020
v 83.65533447 -11.06749725 446.33456421 0.04705882 0.02745098 0.52549020
v 84.78126526 -21.59349060 446.68527222 0.04705882 0.02745098 0.52549020
v 83.54476166 -25.46332550 443.30789185 0.04705882 0.02745098 0.52549020
v 71.74683380 -25.99356842 437.24008179 0.04705882 0.02745098 0.52549020
v 76.83355713 -24.62844086 435.12542725 0.04705882 0.02745098 0.52549020
v 76.64024353 -26.69969940 436.78018188 0.04705882 0.02745098 0.52549020
v 72.69524384 -28.46744537 439.18182373 0.04705882 0.02745098 0.52549020
v 69.86133575 -31.35199738 442.17562866 0.04705882 0.02745098 0.52549020
v 68.02232361 -28.80945587 440.19061279 0.04705882 0.02745098 0.52549020
v 80.64372253 -26.26184845 438.70742798 0.04705882 0.02745098 0.52549020
v 76.18463898 -29.63433075 442.03005981 0.04705882 0.02745098 0.52549020
v 78.21131134 -29.27664948 445.72229004 0.04705882 0.02745098 0.52549020
v 74.43008423 -32.10233307 448.03067017 0.04705882 0.02745098 0.52549020
v 72.55102539 -32.61429596 444.84579468 0.04705882 0.02745098 0.52549020
v 81.33453369 -27.31719208 443.03158569 0.04705882 0.02745098 0.52549020
v 82.27886963 -25.35311127 437.86785889 0.04705882 0.02745098 0.52549020
v 66.66853333 -31.23979950 443.86004639 0.04705882 0.02745098 0.52549020
v 68.75296021 -32.82321930 444.03448486 0.04705882 0.02745098 0.52549020
v 70.63009644 -33.29093170 446.66278076 0.04705882 0.02745098 0.52549020
v 68.09799194 -32.95264435 448.16973877 0.04705882 0.02745098 0.52549020
v 75.70735168 -18.63973236 433.26342773 0.04705882 0.02745098 0.52549020
v 70.27211761 -23.69950104 437.18859863 0.04705882 0.02745098 0.52549020
v 67.14902496 -26.21012115 441.74035645 0.04705882 0.02745098 0.52549020
v 65.88953400 -28.98647308 445.25271606 0.06274510 0.02745098 0.52941176
v 69.23355865 -21.19687653 440.43829346 0.04705882 0.02745098 0.52549020
v 67.29087067 -24.22840881 443.87652588 0.04705882 0.02745098 0.52549020
v 66.32313538 -26.42072296 447.16955566 0.06274510 0.02745098 0.52941176
v 69.66439819 -19.61419678 444.36746216 0.04705882 0.02745098 0.52549020
v 67.99561310 -22.92932129 446.66693115 0.06274510 0.02745098 0.52941176
v 76.63742828 -11.90560913 438.44113159 0.04705882 0.02745098 0.52549020
v 76.01004028 -13.58036804 434.43185425 0.04705882 0.02745098 0.52549020
v 66.64831543 -24.62154388 448.37628174 0.06274510 0.02745098 0.52941176
v 67.30853271 -31.59755707 449.66329956 0.06274510 0.02745098 0.52941176
v 80.05960083 -26.90323639 447.98132324 0.04705882 0.02745098 0.52549020
v 74.69668579 -30.19211578 450.49832153 0.04705882 0.02745098 0.52549020
v 79.78168488 -25.02639008 449.61221313 0.04705882 0.02745098 0.52549020
v 74.75714874 -28.53141022 452.40390015 0.04705882 0.02745098 0.52549020
v 71.62318420 -32.68779755 451.40759277 0.04705882 0.02745098 0.52549020
v 72.13613129 -33.03430939 448.99630737 0.04705882 0.02745098 0.52549020
v 79.32315063 -9.11301422 437.72839355 0.04705882 0.02745098 0.52549020
v 81.48460388 -8.99189758 443.15005493 0.04705882 0.02745098 0.52549020
v 79.50290680 -11.50695038 444.07949829 0.04705882 0.02745098 0.52549020
v 71.70414734 -18.98255920 448.58383179 0.06274510 0.02745098 0.52941176
v 81.46556091 -13.51143646 447.56817627 0.04705882 0.02745098 0.52549020
v 83.04383850 -19.17758179 448.80038452 0.04705882 0.02745098 0.52549020
v 77.99748993 -23.24217224 451.17816162 0.04705882 0.02745098 0.52549020
v 75.54904175 -20.91711426 451.25897217 0.04705882 0.02745098 0.52549020
v 73.77082825 -25.95830536 452.81701660 0.04705882 0.02745098 0.52549020
v 72.24752808 -24.04841614 452.04379272 0.06274510 0.02745098 0.52941176
v 69.41151428 -22.61201477 450.07064819 0.06274510 0.02745098 0.52941176
v 70.31623840 -27.90256500 452.76043701 0.06274510 0.02745098 0.52941176
v 71.09616089 -30.81096649 452.50091553 0.06274510 0.02745098 0.52941176
v 67.42258453 -28.36464691 450.45214844 0.06274510 0.02745098 0.52941176
v 70.11396790 -25.92488861 452.51110840 0.06274510 0.02745098 0.52941176
v 68.10802460 -25.77222443 450.28128052 0.06274510 0.02745098 0.52941176
v 92.21411133 -13.76896667 458.76010132 0.04705882 0.02745098 0.52549020
v 94.07586670 -13.47972107 464.92407227 0.04705882 0.02745098 0.52549020
v 96.85896301 -9.03665924 463.07342529 0.04705882 0.02745098 0.52549020
v 94.88601685 -9.30885315 457.69445801 0.04705882 0.02745098 0.52549020
v 100.28598022 -22.64202881 451.42727661 0.04705882 0.02745098 0.52549020
v 95.34641266 -18.82648468 451.78958130 0.04705882 0.02745098 0.52549020
v 98.67675781 -14.80794525 449.76516724 0.04705882 0.02745098 0.52549020
v 104.32545471 -18.87587738 450.31924438 0.04705882 0.02745098 0.52549020
v 105.31545258 -24.73915863 456.18988037 0.04705882 0.02745098 0.52549020
v 109.14205170 -20.63085938 455.10513306 0.04705882 0.02745098 0.52549020
v 107.71247864 -13.26801300 449.33007812 0.04705882 0.02745098 0.52549020
v 102.17135620 -8.52806854 448.99743652 0.04705882 0.02745098 0.52549020
v 114.12563324 12.21485138 446.56423950 0.04705882 0.02745098 0.52549020
v 119.63408661 7.76008606 445.62207031 0.04705882 0.02745098 0.52549020
v 111.73524475 13.80662537 464.15643311 0.04705882 0.02745098 0.52549020
v 113.71282959 10.84974670 464.27359009 0.04705882 0.02745098 0.52549020
v 92.84793091 -15.79686737 455.21801758 0.04705882 0.02745098 0.52549020
v 95.70625305 -11.62454224 453.33016968 0.04705882 0.02745098 0.52549020
v 104.50886536 -7.12534332 469.54083252 0.04705882 0.02745098 0.52549020
v 100.09731293 -4.25794983 466.98364258 0.04705882 0.02745098 0.52549020
v 98.79957581 -9.94780731 468.06558228 0.04705882 0.02745098 0.52549020
v 103.30212402 -13.43591309 470.25076294 0.04705882 0.02745098 0.52549020
v 111.02838135 16.14291382 452.48498535 0.04705882 0.02745098 0.52549020
v 110.56573486 16.00275421 458.75564575 0.04705882 0.02745098 0.52549020
v 111.91949463 14.84812927 449.89447021 0.04705882 0.02745098 0.52549020
v 110.08603668 -11.66791534 468.07238770 0.04705882 0.02745098 0.52549020
v 113.72457123 -15.22242737 462.32043457 0.04705882 0.02745098 0.52549020
v 124.27225494 3.37596893 458.08096313 0.04705882 0.02745098 0.52549020
v 120.18589020 4.96852112 462.78027344 0.04705882 0.02745098 0.52549020
v 98.04870605 -5.31981659 451.61770630 0.04705882 0.02745098 0.52549020
v 97.66537476 -3.41224670 461.75323486 0.04705882 0.02745098 0.52549020
v 96.23194122 -2.97866821 456.85452271 0.04705882 0.02745098 0.52549020
v 112.46008301 -14.77969360 454.55181885 0.04705882 0.02745098 0.52549020
v 110.48499298 -21.00756073 463.59988403 0.04705882 0.02745098 0.52549020
v 94.87600708 -29.93227386 471.64013672 0.04705882 0.02745098 0.52549020
v 103.49609375 -21.15663910 469.92669678 0.04705882 0.02745098 0.52549020
v 99.76460266 -17.85816193 470.98812866 0.04705882 0.02745098 0.52549020
v 91.43278503 -27.35976410 474.23733521 0.04705882 0.02745098 0.52549020
v 107.69057465 -17.60315704 469.20291138 0.04705882 0.02745098 0.52549020
v 106.26020050 -23.83791351 464.56533813 0.04705882 0.02745098 0.52549020
v 81.93016052 -24.13912201 464.81182861 0.04705882 0.02745098 0.52549020
v 83.50643921 -23.58732605 470.99273682 0.04705882 0.02745098 0.52549020
v 82.64907074 -25.97245026 460.65411377 0.04705882 0.02745098 0.52549020
v 124.43790436 4.15353394 450.44836426 0.04705882 0.02745098 0.52549020
v 90.71604919 -30.38167572 456.67932129 0.04705882 0.02745098 0.52549020
v 85.24014282 -27.64221954 457.66152954 0.04705882 0.02745098 0.52549020
v 96.19978333 -14.56628418 469.50064087 0.04705882 0.02745098 0.52549020
v 87.01409912 -25.10694122 474.41177368 0.04705882 0.02745098 0.52549020
v 96.46617126 -31.58815765 467.61947632 0.04705882 0.02745098 0.52549020
v 96.05895996 -31.48062897 460.51040649 0.04705882 0.02745098 0.52549020
v 92.74421692 -35.61891937 468.98104858 0.04705882 0.02745098 0.52549020
v 91.64277649 -35.72194672 462.74160767 0.04705882 0.02745098 0.52549020
v 86.24481201 -34.46500397 458.43182373 0.04705882 0.02745098 0.52549020
v 81.53042603 -31.16744232 459.20748901 0.04705882 0.02745098 0.52549020
v 79.59587097 -28.57967377 462.05914307 0.04705882 0.02745098 0.52549020
v 91.16205597 -34.10480499 472.97952271 0.04705882 0.02745098 0.52549020
v 87.70602417 -31.30062103 475.85464478 0.04705882 0.02745098 0.52549020
v 84.32517242 -27.31548309 474.91491699 0.04705882 0.02745098 0.52549020
v 85.42100525 -37.73358917 476.04010010 0.04705882 0.02745098 0.52549020
v 86.12393951 -40.71834564 472.48468018 0.04705882 0.02745098 0.52549020
v 68.87586975 -45.36560822 466.86697388 0.06274510 0.02745098 0.52941176
v 73.77993774 -42.53575897 464.34741211 0.04705882 0.02745098 0.52549020
v 75.23806000 -44.52054596 465.51458740 0.04705882 0.02745098 0.52549020
v 71.01861572 -47.21860504 467.90850830 0.06274510 0.02745098 0.52941176
v 79.72689819 -41.20801544 462.05731201 0.04705882 0.02745098 0.52549020
v 79.52700806 -42.92133331 464.18276978 0.04705882 0.02745098 0.52549020
v 83.06085205 -42.71518707 467.43304443 0.04705882 0.02745098 0.52549020
v 77.89122009 -45.37557220 469.71701050 0.04705882 0.02745098 0.52549020
v 80.20957184 -44.40280914 474.19692993 0.04705882 0.02745098 0.52549020
v 75.88277435 -47.56557465 476.29025269 0.04705882 0.02745098 0.52549020
v 73.64311218 -48.98143768 471.95278931 0.04705882 0.02745098 0.52549020
v 83.53919983 -43.06420135 471.44927979 0.04705882 0.02745098 0.52549020
v 68.84806061 -48.90660858 470.24731445 0.06274510 0.02745098 0.52941176
v 66.13641357 -48.28005219 471.03558350 0.07450980 0.02352941 0.53725490
v 85.60940552 -41.40354156 465.82589722 0.04705882 0.02745098 0.52549020
v 78.67139435 -35.01041412 460.40460205 0.04705882 0.02745098 0.52549020
v 71.84976196 -40.11864471 464.75479126 0.06274510 0.02745098 0.52941176
v 66.59223175 -43.21807098 468.26580811 0.08235294 0.02352941 0.54117647
v 64.61957550 -46.57427216 473.45864868 0.08235294 0.02352941 0.54117647
v 69.97321320 -37.46898651 467.66085815 0.08235294 0.02352941 0.54117647
v 65.79365540 -41.26688385 470.91394043 0.11372549 0.02352941 0.55294118
v 64.77464294 -44.18184662 475.20874023 0.10588235 0.02352941 0.54901961
v 69.49216461 -35.16287994 471.94979858 0.11372549 0.02352941 0.55294118
v 66.16066742 -39.47080231 474.99182129 0.12941176 0.01960784 0.56078431
v 77.26729584 -28.07106781 467.27499390 0.06274510 0.02745098 0.52941176
v 77.09505463 -30.68720245 462.94921875 0.06274510 0.02745098 0.52941176
v 65.37412262 -41.91762543 476.12237549 0.12156863 0.01960784 0.55686275
v 68.42531586 -50.04294586 474.95553589 0.06274510 0.02745098 0.52941176
v 66.28302002 -48.11530304 477.09201050 0.07450980 0.02352941 0.53725490
v 69.99130249 -50.18152618 473.94400024 0.06274510 0.02745098 0.52941176
v 80.62039185 -43.30809784 476.14666748 0.04705882 0.02745098 0.52549020
v 75.37773895 -46.53424835 478.39300537 0.04705882 0.02745098 0.52549020
v 79.69161987 -41.55840302 478.34466553 0.04705882 0.02745098 0.52549020
v 73.99743652 -45.46158600 480.33609009 0.06274510 0.02745098 0.52941176
v 71.46305084 -49.08864594 478.81869507 0.06274510 0.02745098 0.52941176
v 72.00978088 -49.82619476 477.13528442 0.06274510 0.02745098 0.52941176
v 79.90441132 -26.48108673 466.25735474 0.04705882 0.02745098 0.52549020
v 81.77769470 -25.81725311 471.68896484 0.04705882 0.02745098 0.52549020
v 79.41856384 -27.26908112 472.62896729 0.06274510 0.02745098 0.52941176
v 71.71141815 -34.68457794 476.73074341 0.10588235 0.02352941 0.54901961
v 82.25296021 -29.24002838 476.10546875 0.04705882 0.02745098 0.52549020
v 83.91993713 -34.42093658 477.49053955 0.04705882 0.02745098 0.52549020
v 78.39685822 -39.03510284 479.44195557 0.06274510 0.02745098 0.52941176
v 75.08816528 -36.47594452 479.44412231 0.07450980 0.02352941 0.53725490
v 73.19927979 -43.64176178 481.71548462 0.07450980 0.02352941 0.53725490
v 71.95211029 -40.44586945 481.02767944 0.08235294 0.02352941 0.54117647
v 68.13655853 -38.74613190 478.59338379 0.12156863 0.01960784 0.55686275
v 69.22895050 -46.36753082 481.64682007 0.07450980 0.02352941 0.53725490
v 70.34171295 -48.17549896 480.25735474 0.06274510 0.02745098 0.52941176
v 65.90242767 -46.02741241 478.10650635 0.09411765 0.02352941 0.54509804
v 68.96681213 -43.13343048 481.35620117 0.09411765 0.02352941 0.54509804
v 66.25442505 -42.77970123 478.70321655 0.11372549 0.02352941 0.55294118
v 101.61076355 -6.10252380 481.53302002 0.04705882 0.02745098 0.52549020
v 102.39456940 -2.65668488 486.55285645 0.04705882 0.02745098 0.52549020
v 104.68138123 0.59408569 484.85961914 0.04705882 0.02745098 0.52549020
v 104.00719452 -2.99713135 479.71670532 0.04705882 0.02745098 0.52549020
v 110.12911987 -15.68262482 480.87365723 0.04705882 0.02745098 0.52549020
v 106.00458527 -13.72840881 478.51528931 0.04705882 0.02745098 0.52549020
v 109.26034546 -11.16372681 476.13946533 0.04705882 0.02745098 0.52549020
v 114.57598114 -12.61669922 477.93228149 0.04705882 0.02745098 0.52549020
v 111.96180725 -16.05118561 486.72793579 0.04705882 0.02745098 0.52549020
v 118.35320282 -12.24139404 483.17834473 0.04705882 0.02745098 0.52549020
v 118.78306580 -7.93640900 475.69396973 0.04705882 0.02745098 0.52549020
v 112.32790375 -7.31620026 474.31954956 0.04705882 0.02745098 0.52549020
v 120.87503815 7.17823029 469.96176147 0.04705882 0.02745098 0.52549020
v 127.22975159 4.95965576 471.88500977 0.04705882 0.02745098 0.52549020
v 103.11997986 -10.00607300 479.18872070 0.04705882 0.02745098 0.52549020
v 105.51152039 -7.55192566 477.11697388 0.04705882 0.02745098 0.52549020
v 111.28521729 3.58613586 491.89514160 0.04705882 0.02745098 0.52549020
v 108.11486053 4.71471405 488.31594849 0.04705882 0.02745098 0.52549020
v 106.83526611 0.95878601 490.32940674 0.04705882 0.02745098 0.52549020
v 109.82955933 -0.82914734 493.36413574 0.04705882 0.02745098 0.52549020
v 116.17239380 15.89455414 473.38781738 0.04705882 0.02745098 0.52549020
v 118.24362183 18.41154480 477.96228027 0.04705882 0.02745098 0.52549020
v 116.48275757 10.92827606 471.16143799 0.04705882 0.02745098 0.52549020
v 116.97273254 -0.69185638 492.44079590 0.04705882 0.02745098 0.52549020
v 122.21830750 -4.85284424 488.56372070 0.04705882 0.02745098 0.52549020
v 129.80482483 9.13684845 484.18927002 0.04705882 0.02745098 0.52549020
v 125.68372345 13.31812286 486.17242432 0.04705882 0.02745098 0.52549020
v 107.95222473 -4.01010895 475.13711548 0.04705882 0.02745098 0.52549020
v 106.13922882 4.35161591 482.99832153 0.04705882 0.02745098 0.52549020
v 105.29849243 0.87813568 478.14193726 0.04705882 0.02745098 0.52549020
v 122.42754364 -6.79492188 481.00988770 0.04705882 0.02745098 0.52549020
v 118.17323303 -9.48063660 490.55511475 0.04705882 0.02745098 0.52549020
v 98.73051453 -17.59152985 501.52694702 0.04705882 0.02745098 0.52549020
v 111.30775452 -7.71083069 495.76062012 0.04705882 0.02745098 0.52549020
v 107.00127411 -3.56922913 494.53060913 0.04705882 0.02745098 0.52549020
v 96.02647400 -13.88957977 502.21322632 0.04705882 0.02745098 0.52549020
v 114.33840942 -5.01808929 494.56619263 0.04705882 0.02745098 0.52549020
v 113.59609222 -12.53739166 492.62695312 0.04705882 0.02745098 0.52549020
v 89.44638062 -13.72893524 489.53796387 0.04705882 0.02745098 0.52549020
v 90.89247131 -10.80718231 494.38058472 0.04705882 0.02745098 0.52549020
v 91.66750336 -16.67100525 486.73876953 0.04705882 0.02745098 0.52549020
v 131.36889648 5.66284943 477.38970947 0.04705882 0.02745098 0.52549020
v 121.08061981 17.57339478 484.31832886 0.04705882 0.02745098 0.52549020
v 96.27801514 -22.57152557 487.76876831 0.04705882 0.02745098 0.52549020
v 93.46436310 -19.62859344 486.17071533 0.04705882 0.02745098 0.52549020
v 104.55993652 -1.84997559 491.50073242 0.04705882 0.02745098 0.52549020
v 93.18968201 -11.04357910 499.62631226 0.04705882 0.02745098 0.52549020
v 100.64239502 -20.82166290 498.17660522 0.04705882 0.02745098 0.52549020
v 100.26659393 -22.95562744 492.20635986 0.04705882 0.02745098 0.52549020
v 96.40962219 -23.48935699 500.94763184 0.04705882 0.02745098 0.52549020
v 95.71575928 -25.67024994 494.87490845 0.04705882 0.02745098 0.52549020
v 91.66920471 -25.31586456 490.16003418 0.04705882 0.02745098 0.52549020
v 89.00082397 -21.87711334 488.48364258 0.04705882 0.02745098 0.52549020
v 87.35164642 -18.50662994 489.09893799 0.04705882 0.02745098 0.52549020
v 94.37747192 -19.79862213 504.27136230 0.04705882 0.02745098 0.52549020
v 91.95682526 -16.30470276 504.55920410 0.04705882 0.02745098 0.52549020
v 91.04910278 -12.51570129 500.42327881 0.04705882 0.02745098 0.52549020
v 90.29575348 -21.12773132 506.42996216 0.04705882 0.02745098 0.52549020
v 90.23185730 -26.45835114 503.92224121 0.04705882 0.02745098 0.52549020
v 74.35385132 -30.95383453 498.97756958 0.07450980 0.02352941 0.53725490
v 79.19380951 -28.89995575 496.40893555 0.06274510 0.02745098 0.52941176
v 79.82327271 -29.62387848 497.43118286 0.04705882 0.02745098 0.52549020
v 75.31406403 -32.04720306 500.12536621 0.06274510 0.02745098 0.52941176
v 85.70569611 -28.26100922 494.27221680 0.04705882 0.02745098 0.52549020
v 84.79198456 -29.11887360 496.08129883 0.04705882 0.02745098 0.52549020
v 87.49850464 -28.95893097 499.03570557 0.04705882 0.02745098 0.52549020
v 82.08376312 -31.00186920 502.27371216 0.04705882 0.02745098 0.52549020
v 83.84068298 -27.34081268 507.05419922 0.04705882 0.02745098 0.52549020
v 79.35219574 -29.42729950 508.70364380 0.04705882 0.02745098 0.52549020
v 77.60663605 -32.96477509 504.57052612 0.04705882 0.02745098 0.52549020
v 88.26234436 -27.47100067 503.52276611 0.04705882 0.02745098 0.52549020
v 73.38574219 -32.78479767 502.48312378 0.07450980 0.02352941 0.53725490
v 71.46620178 -33.09247589 501.23483276 0.08235294 0.02352941 0.54117647
v 89.63070679 -28.33847809 498.06250000 0.04705882 0.02745098 0.52549020
v 84.19947815 -24.56284332 490.97244263 0.04705882 0.02745098 0.52549020
v 77.62477112 -26.57816315 495.08157349 0.06274510 0.02745098 0.52941176
v 72.19453430 -28.55100250 497.44464111 0.09411765 0.02352941 0.54509804
v 69.71125031 -29.60430145 501.15686035 0.10588235 0.02352941 0.54901961
v 76.49974060 -22.65084076 495.76721191 0.07450980 0.02352941 0.53725490
v 71.81179810 -25.10247040 498.33081055 0.09411765 0.02352941 0.54509804
v 69.42781830 -26.15613556 501.70281982 0.11372549 0.02352941 0.55294118
v 76.45310974 -19.59745789 497.64541626 0.07450980 0.02352941 0.53725490
v 72.52707672 -22.20030212 500.31442261 0.09411765 0.02352941 0.54509804
v 84.79624939 -15.82324219 492.64294434 0.04705882 0.02745098 0.52549020
v 84.02510071 -19.92881775 490.93023682 0.04705882 0.02745098 0.52549020
v 70.38592529 -23.99710846 502.42825317 0.10588235 0.02352941 0.54901961
v 72.65267181 -32.66074371 506.23602295 0.06274510 0.02745098 0.52941176
v 70.22410583 -29.06357574 507.14712524 0.08235294 0.02352941 0.54117647
v 74.52099609 -32.45487213 505.50503540 0.06274510 0.02745098 0.52941176
v 84.52707672 -25.71242523 507.95913696 0.04705882 0.02745098 0.52549020
v 78.70503998 -27.93431854 510.82821655 0.04705882 0.02745098 0.52549020
v 84.00962830 -22.74388123 508.74533081 0.04705882 0.02745098 0.52549020
v 78.01247406 -24.99854279 511.63168335 0.04705882 0.02745098 0.52549020
v 75.33211517 -30.36608124 510.41104126 0.06274510 0.02745098 0.52941176
v 76.04202271 -30.87133026 509.20681763 0.06274510 0.02745098 0.52941176
v 87.54896545 -14.74190521 491.28921509 0.04705882 0.02745098 0.52549020
v 88.90249634 -12.17343140 495.76223755 0.04705882 0.02745098 0.52549020
v 86.16142273 -13.24382019 496.91180420 0.04705882 0.02745098 0.52549020
v 77.15625763 -17.46262360 501.94961548 0.06274510 0.02745098 0.52941176
v 88.27578735 -13.42755890 501.57809448 0.04705882 0.02745098 0.52549020
v 87.93265533 -17.83229065 506.23632812 0.04705882 0.02745098 0.52549020
v 82.13201141 -19.91217041 508.01422119 0.04705882 0.02745098 0.52549020
v 79.47005463 -17.89440155 506.01776123 0.04705882 0.02745098 0.52549020
v 76.78335571 -22.31463623 510.53063965 0.06274510 0.02745098 0.52941176
v 76.09619141 -20.70617676 507.98907471 0.06274510 0.02745098 0.52941176
v 73.15410614 -20.08956909 503.95355225 0.08235294 0.02352941 0.54117647
v 73.20614624 -24.74130249 509.87692261 0.07450980 0.02352941 0.53725490
v 73.99770355 -27.60623932 511.19439697 0.06274510 0.02745098 0.52941176
v 69.84974670 -25.76898956 506.49331665 0.10588235 0.02352941 0.54901961
v 73.08253479 -22.58983612 508.18389893 0.07450980 0.02352941 0.53725490
v 70.60456848 -23.27751923 505.60916138 0.10588235 0.02352941 0.54901961
v 119.43719482 19.32338715 481.92102051 0.04705882 0.02745098 0.52549020
v 107.90483093 19.20142365 503.49212646 0.04705882 0.02745098 0.52549020
v 107.95201111 22.69609070 506.08529663 0.04705882 0.02745098 0.52549020
v 110.49070740 23.37538147 506.09320068 0.04705882 0.02745098 0.52549020
v 110.94166565 20.50883484 502.61505127 0.04705882 0.02745098 0.52549020
v 113.94831848 10.51973724 507.91186523 0.04705882 0.02745098 0.52549020
v 110.98654175 11.95545197 504.43084717 0.04705882 0.02745098 0.52549020
v 115.73387146 12.16409302 502.66699219 0.04705882 0.02745098 0.52549020
v 118.71768188 10.75687408 506.00222778 0.04705882 0.02745098 0.52549020
v 115.92800140 12.14347839 512.74847412 0.04705882 0.02745098 0.52549020
v 120.21449280 12.69615173 511.27359009 0.04705882 0.02745098 0.52549020
v 121.96850586 12.62023926 504.19522095 0.04705882 0.02745098 0.52549020
v 118.85005951 14.47393036 500.86462402 0.04705882 0.02745098 0.52549020
v 129.28961182 25.44140625 492.69851685 0.04705882 0.02745098 0.52549020
v 134.03097534 25.34723663 495.07611084 0.04705882 0.02745098 0.52549020
v 129.31248474 41.31276321 505.19189453 0.04705882 0.02745098 0.52549020
v 125.78867340 43.36899185 501.67877197 0.04705882 0.02745098 0.52549020
v 121.79357910 36.13207245 504.58639526 0.04705882 0.02745098 0.52549020
v 125.46057129 35.55699158 507.65829468 0.04705882 0.02745098 0.52549020
v 108.97603607 15.29008484 503.17230225 0.04705882 0.02745098 0.52549020
v 112.65284729 16.17005920 501.06829834 0.04705882 0.02745098 0.52549020
v 116.84747314 26.55589294 514.08483887 0.04705882 0.02745098 0.52549020
v 114.07411194 27.09624481 509.84558105 0.04705882 0.02745098 0.52549020
v 111.38816833 25.91326904 509.61981201 0.04705882 0.02745098 0.52549020
v 113.17205811 26.05966187 514.16729736 0.04705882 0.02745098 0.52549020
v 122.96317291 40.60631180 497.59182739 0.04705882 0.02745098 0.52549020
v 122.36322784 36.56048584 494.29229736 0.04705882 0.02745098 0.52549020
v 120.26810455 33.37995148 495.55892944 0.04705882 0.02745098 0.52549020
v 119.48710632 34.20084381 500.65112305 0.04705882 0.02745098 0.52549020
v 122.16979980 28.40370941 493.01373291 0.04705882 0.02745098 0.52549020
v 119.75738525 23.52437592 515.79656982 0.04705882 0.02745098 0.52549020
v 122.85341644 18.09022522 514.59301758 0.04705882 0.02745098 0.52549020
v 133.80831909 31.61564636 507.56091309 0.04705882 0.02745098 0.52549020
v 130.35140991 34.36632538 508.15206909 0.04705882 0.02745098 0.52549020
v 115.34410095 17.18340302 500.30584717 0.04705882 0.02745098 0.52549020
v 112.83068085 25.16086578 505.50354004 0.04705882 0.02745098 0.52549020
v 112.86505890 21.55462646 502.59246826 0.04705882 0.02745098 0.52549020
v 123.63171387 14.02664185 509.58023071 0.04705882 0.02745098 0.52549020
v 118.93775177 17.43115997 515.90399170 0.04705882 0.02745098 0.52549020
v 104.71379089 21.12117767 520.05004883 0.04705882 0.02745098 0.52549020
v 113.03237152 22.80480194 517.43200684 0.04705882 0.02745098 0.52549020
v 110.22100067 25.78797913 514.28240967 0.04705882 0.02745098 0.52549020
v 103.17736816 23.09512329 518.02673340 0.04705882 0.02745098 0.52549020
v 115.96835327 22.82499695 516.73681641 0.04705882 0.02745098 0.52549020
v 114.91989136 17.04789734 517.15911865 0.04705882 0.02745098 0.52549020
v 99.54714966 17.96547699 506.65011597 0.04705882 0.02745098 0.52549020
v 100.72723389 21.96694946 510.15502930 0.04705882 0.02745098 0.52549020
v 100.28910828 14.72789001 506.13098145 0.04705882 0.02745098 0.52549020
v 136.34210205 26.95861053 501.15072632 0.04705882 0.02745098 0.52549020
v 103.71961212 10.04113770 510.95434570 0.04705882 0.02745098 0.52549020
v 101.02563477 11.53613281 507.56161499 0.04705882 0.02745098 0.52549020
v 108.57169342 24.98555756 509.80377197 0.04705882 0.02745098 0.52549020
v 101.96609497 23.44586945 514.25848389 0.04705882 0.02745098 0.52549020
v 106.00242615 16.70594788 519.98419189 0.04705882 0.02745098 0.52549020
v 106.42292786 11.43330383 516.09240723 0.04705882 0.02745098 0.52549020
v 101.21179962 16.02509308 521.41296387 0.04705882 0.02745098 0.52549020
v 101.65689087 10.87902832 517.13592529 0.04705882 0.02745098 0.52549020
v 98.54804230 9.75087738 511.65527344 0.04705882 0.02745098 0.52549020
v 97.57608795 11.67909241 508.45770264 0.04705882 0.02745098 0.52549020
v 96.97994995 14.67885590 507.11407471 0.04705882 0.02745098 0.52549020
v 100.38919067 20.67314148 521.30255127 0.04705882 0.02745098 0.52549020
v 99.40634918 22.80812836 518.99133301 0.04705882 0.02745098 0.52549020
v 99.03506470 23.52272797 515.01904297 0.04705882 0.02745098 0.52549020
v 95.82481384 19.91357422 522.38952637 0.04705882 0.02745098 0.52549020
v 94.78030396 14.72008514 522.55072021 0.04705882 0.02745098 0.52549020
v 83.27089691 11.64891052 514.93615723 0.04705882 0.02745098 0.52549020
v 87.29754639 11.26475525 513.62347412 0.04705882 0.02745098 0.52549020
v 87.56835175 10.86734772 514.89483643 0.04705882 0.02745098 0.52549020
v 83.49361420 10.59783173 515.73614502 0.04705882 0.02745098 0.52549020
v 92.68336487 10.19732666 513.50494385 0.04705882 0.02745098 0.52549020
v 91.78868103 10.12899017 515.12707520 0.04705882 0.02745098 0.52549020
v 93.98475647 11.18836975 518.10858154 0.04705882 0.02745098 0.52549020
v 88.69041443 11.05343628 519.33789062 0.04705882 0.02745098 0.52549020
v 88.92961121 15.02703094 523.33453369 0.04705882 0.02745098 0.52549020
v 84.74746704 14.78490448 523.66693115 0.04705882 0.02745098 0.52549020
v 84.99806976 11.06245422 520.34045410 0.04705882 0.02745098 0.52549020
v 93.15938568 13.19952393 522.03137207 0.04705882 0.02745098 0.52549020
v 81.19857788 10.52165222 517.46881104 0.04705882 0.02745098 0.52549020
v 79.68038177 10.94593811 516.73461914 0.04705882 0.02745098 0.52549020
v 95.82633972 10.91854095 517.81939697 0.04705882 0.02745098 0.52549020
v 93.03396606 11.99539948 509.52011108 0.04705882 0.02745098 0.52549020
v 86.10447693 12.72145844 511.64337158 0.04705882 0.02745098 0.52549020
v 81.14517212 12.74264526 513.63708496 0.04705882 0.02745098 0.52549020
v 78.27026367 13.14028931 516.60595703 0.06274510 0.02745098 0.52941176
v 86.86313629 15.25387573 510.59442139 0.04705882 0.02745098 0.52549020
v 80.79760742 15.22795105 512.83380127 0.04705882 0.02745098 0.52549020
v 78.31488037 15.72279358 515.70837402 0.06274510 0.02745098 0.52941176
v 87.51040649 18.75483704 510.66610718 0.04705882 0.02745098 0.52549020
v 82.04409790 17.99193573 513.28076172 0.04705882 0.02745098 0.52549020
v 94.40382385 19.17296600 508.45367432 0.04705882 0.02745098 0.52549020
v 93.58916473 15.32221222 508.23815918 0.04705882 0.02745098 0.52549020
v 79.62454224 17.32941437 515.55261230 0.04705882 0.02745098 0.52549020
v 79.80976868 12.11787415 520.68719482 0.04705882 0.02745098 0.52549020
v 78.09613800 14.78964996 519.86352539 0.06274510 0.02745098 0.52941176
v 81.41575623 11.51893616 521.18414307 0.04705882 0.02745098 0.52549020
v 89.20791626 16.67539978 523.68872070 0.04705882 0.02745098 0.52549020
v 84.03466797 16.50105286 524.25775146 0.04705882 0.02745098 0.52549020
v 89.25412750 19.52128601 523.35028076 0.04705882 0.02745098 0.52549020
v 83.34721375 18.66486359 523.46887207 0.04705882 0.02745098 0.52549020
v 80.77114105 14.97467041 523.32202148 0.04705882 0.02745098 0.52549020
v 82.47293091 13.40884399 522.91497803 0.04705882 0.02745098 0.52549020
v 96.65467834 18.80976868 507.73626709 0.04705882 0.02745098 0.52549020
v 98.20036316 21.85083771 510.61355591 0.04705882 0.02745098 0.52549020
v 95.57226562 22.26538849 511.57778931 0.04705882 0.02745098 0.52549020
v 88.44395447 21.98822784 513.20623779 0.04705882 0.02745098 0.52549020
v 96.19194031 23.76806641 516.07275391 0.04705882 0.02745098 0.52549020
v 96.18450928 22.54535675 520.10687256 0.04705882 0.02745098 0.52549020
v 89.19396973 21.68280792 521.33166504 0.04705882 0.02745098 0.52549020
v 88.81416321 22.96984100 517.88549805 0.04705882 0.02745098 0.52549020
v 82.75404358 20.22313690 521.74871826 0.04705882 0.02745098 0.52549020
v 82.87199402 21.31015778 518.60699463 0.04705882 0.02745098 0.52549020
v 82.71704102 20.59991455 515.25885010 0.04705882 0.02745098 0.52549020
v 79.47238922 18.06664276 520.68041992 0.04705882 0.02745098 0.52549020
v 79.49948883 16.79446411 522.26519775 0.04705882 0.02745098 0.52549020
v 78.42390442 16.75786591 518.77740479 0.06274510 0.02745098 0.52941176
v 79.95052338 19.19530487 518.85443115 0.04705882 0.02745098 0.52549020
v 79.73690796 18.51287079 517.25335693 0.04705882 0.02745098 0.52549020
v 131.72903442 38.19265747 506.38992310 0.04705882 0.02745098 0.52549020
v 77.56925964 63.92704773 420.28143311 0.06274510 0.02745098 0.52941176
v 78.48716736 60.30151749 424.49401855 0.06274510 0.02745098 0.52941176
v 72.72351837 69.34431458 436.70550537 0.08235294 0.02352941 0.54117647
v 75.33654785 62.86624146 435.10690308 0.07450980 0.02352941 0.53725490
v 70.03765869 75.32028198 433.92568970 0.07450980 0.02352941 0.53725490
v 70.87327576 78.55911255 423.46551514 0.06274510 0.02745098 0.52941176
v 70.57353973 78.63238525 428.96295166 0.06274510 0.02745098 0.52941176
v 77.40441895 59.54111481 430.40368652 0.06274510 0.02745098 0.52941176
v 76.29761505 69.22653198 417.38375854 0.04705882 0.02745098 0.52549020
v 73.45755768 75.63406372 418.01620483 0.04705882 0.02745098 0.52549020
v 68.75948334 65.01126099 416.30059814 0.08235294 0.02352941 0.54117647
v 66.66278076 72.12954712 417.40835571 0.07450980 0.02352941 0.53725490
v 64.07826233 76.31490326 422.56295776 0.08235294 0.02352941 0.54117647
v 64.49628448 77.26773071 429.57785034 0.09411765 0.02352941 0.54509804
v 65.01589966 75.31636047 434.31741333 0.11372549 0.02352941 0.55294118
v 71.43496704 60.28779984 420.89334106 0.09411765 0.02352941 0.54509804
v 72.75765228 57.44571304 425.81311035 0.09411765 0.02352941 0.54509804
v 72.68777466 58.69633865 432.59799194 0.10588235 0.02352941 0.54901961
v 63.69100952 55.91973877 422.53970337 0.23921569 0.01176471 0.60784314
v 53.07935333 57.77612305 420.28625488 0.53725490 0.03137255 0.64705882
v 37.47909546 67.34402466 428.68444824 0.72549020 0.20000000 0.53333333
v 43.97482300 69.62861633 428.24313354 0.49803922 0.01176471 0.65490196
v 43.51582336 68.27688599 425.51184082 0.50980392 0.01568627 0.65490196
v 37.60877991 66.51423645 425.85900879 0.64705882 0.12156863 0.59215686
v 48.70256042 70.60859680 425.12908936 0.37254902 0.00000000 0.65098039
v 47.53880310 68.89086151 423.68859863 0.43921569 0.00000000 0.65882353
v 50.15963745 64.58943176 420.87686157 0.48235294 0.00784314 0.65882353
v 44.54160309 62.94075775 421.49679565 0.64705882 0.12156863 0.59215686
v 50.51388550 59.26526260 420.38565063 0.58431373 0.06666667 0.63137255
v 46.87141418 57.03824234 421.74777222 0.84705882 0.34509804 0.41568627
v 39.11313629 61.20962143 421.92425537 0.74901961 0.22352941 0.50980392
v 34.70547485 64.26398468 424.67684937 0.74117647 0.21568627 0.51764706
v 34.96205902 60.00249100 423.01138306 0.79215686 0.27450980 0.47058824
v 33.19684601 64.19129944 427.98754883 0.81960784 0.30980392 0.44313725
v 51.22225952 64.93888855 419.24365234 0.37254902 0.00000000 0.65098039
v 53.92854309 74.24610138 429.56826782 0.24705882 0.01176471 0.61176471
v 45.90141296 70.79617310 431.73361206 0.58823529 0.07058824 0.62745098
v 38.80265045 66.87083435 432.46722412 0.84705882 0.34509804 0.41568627
v 33.87556458 63.01357269 431.16558838 0.98431373 0.63529412 0.21960784
v 48.08220673 69.25611115 435.77719116 0.77647059 0.25490196 0.48627451
v 41.64149475 64.83058167 435.55404663 0.98039216 0.62352941 0.22745098
v 37.81794739 60.57171631 434.07833862 0.98039216 0.62745098 0.22352941
v 50.58985901 65.20706177 438.11648560 0.89803922 0.42352941 0.35686275
v 44.14922333 61.78715897 436.70498657 0.96470588 0.56862745 0.25882353
v 63.52932739 69.35353088 437.39544678 0.20000000 0.01568627 0.59215686
v 58.97731781 73.95031738 434.74105835 0.21176471 0.01568627 0.59607843
v 40.64189911 59.55386353 434.84692383 0.94117647 0.50588235 0.30196078
v 32.66623688 58.75029755 425.28338623 0.92549020 0.46666667 0.32941176
v 33.41772461 57.29211426 428.62145996 0.94117647 0.50588235 0.30196078
v 49.20137787 54.35079956 422.90811157 0.89803922 0.42352941 0.35686275
v 41.69732666 55.39757919 421.39651489 0.87450980 0.38431373 0.38431373
v 42.91209412 52.98450089 423.88562012 0.95294118 0.52549020 0.28627451
v 52.34951782 52.70745850 425.63583374 0.89803922 0.42352941 0.35686275
v 44.15245819 51.43307495 426.42892456 0.99215686 0.70196078 0.18039216
v 37.03697205 54.02635956 424.12396240 0.99215686 0.69803922 0.18431373
v 37.60826874 56.35020065 422.00579834 0.95294118 0.52941176 0.28235294
v 68.26773071 70.25955200 437.13171387 0.12156863 0.01960784 0.55686275
v 71.69560242 64.06518555 436.33013916 0.10588235 0.02352941 0.54901961
v 66.98423767 63.04673004 436.61688232 0.16862745 0.01960784 0.58039216
v 53.99317169 59.50099945 437.28213501 0.82745098 0.31764706 0.43529412
v 67.44209290 57.00723267 433.44937134 0.17647059 0.01568627 0.58039216
v 65.94798279 54.74324799 427.45843506 0.21176471 0.01568627 0.59607843
v 54.14078522 52.24186707 429.33526611 0.81960784 0.30980392 0.44313725
v 55.11356354 54.58541107 433.71347046 0.80392157 0.28627451 0.45882353
v 45.51915741 51.86657715 430.14956665 0.86274510 0.36470588 0.40000000
v 46.35508728 53.67876053 432.63378906 0.90980392 0.43921569 0.34901961
v 45.47447205 57.52778244 435.75689697 0.83529412 0.32549020 0.42745098
v 40.11505127 53.15606308 430.39483643 0.82352941 0.31372549 0.43921569
v 38.22728729 52.59881210 427.15692139 0.99215686 0.69019608 0.18823529
v 37.18867493 56.44133759 431.85476685 0.84705882 0.34509804 0.41568627
v 42.30183411 54.23626328 432.18048096 0.72549020 0.20000000 0.53333333
v 40.79269409 56.69107437 433.56021118 0.83137255 0.32156863 0.43137255
v 127.70435333 47.85562897 500.84011841 0.04705882 0.02745098 0.52549020
v 123.75384521 45.73876953 495.61459351 0.04705882 0.02745098 0.52549020
v 125.84060669 51.83926773 496.29629517 0.04705882 0.02745098 0.52549020
v 128.11389160 60.57760239 495.56329346 0.04705882 0.02745098 0.52549020
v 134.36004639 69.43367004 499.45245361 0.04705882 0.02745098 0.52549020
v 125.19757843 59.61334610 488.54098511 0.04705882 0.02745098 0.52549020
v 123.22046661 50.28585052 489.85360718 0.04705882 0.02745098 0.52549020
v 121.34204865 40.46040726 489.40298462 0.04705882 0.02745098 0.52549020
v 124.96199799 66.47330475 480.15930176 0.04705882 0.02745098 0.52549020
f 780 781 779
f 779 781 782
f 783 784 786
f 786 784 785
f 787 782 788
f 788 782 781
f 790 791 789
f 789 791 787
f 792 790 794
f 794 790 793
f 796 797 795
f 795 797 798
f 800 801 799
f 799 801 802
f 804 805 803
f 803 805 806
f 808 809 807
f 807 809 810
f 811 812 814
f 814 812 813
f 815 816 818
f 818 816 817
f 819 820 784
f 784 820 821
f 784 821 785
f 785 821 822
f 823 812 824
f 824 812 811
f 826 827 825
f 825 827 828
f 830 831 829
f 829 831 832
f 834 830 833
f 833 830 829
f 836 837 835
f 835 837 838
f 839 840 782
f 782 840 779
f 842 843 841
f 841 843 844
f 846 847 845
f 845 847 848
f 850 851 849
f 849 851 852
f 854 855 853
f 853 855 856
f 831 857 832
f 832 857 858
f 860 861 859
f 859 861 862
f 863 864 830
f 830 864 831
f 835 838 865
f 865 838 866
f 867 868 821
f 821 868 822
f 821 820 867
f 867 820 869
f 818 817 870
f 870 817 871
f 872 848 842
f 842 848 847
f 791 839 787
f 787 839 782
f 803 806 847
f 847 806 873
f 874 803 846
f 846 803 847
f 876 877 875
f 875 877 878
f 879 880 882
f 882 880 881
f 884 808 883
f 883 808 807
f 829 832 885
f 885 832 886
f 832 858 886
f 886 858 887
f 889 890 888
f 888 890 891
f 893 783 892
f 892 783 894
f 893 819 783
f 783 819 784
f 814 813 889
f 889 813 895
f 813 896 895
f 895 896 897
f 812 898 813
f 813 898 896
f 812 823 898
f 898 823 899
f 903 904 902
f 902 904 905
f 906 907 792
f 792 907 908
f 811 909 824
f 824 909 910
f 911 872 841
f 841 872 842
f 912 913 915
f 915 913 914
f 917 918 916
f 916 918 919
f 855 920 856
f 856 920 921
f 922 923 798
f 798 923 924
f 926 927 925
f 925 927 850
f 929 930 928
f 928 930 931
f 860 879 861
f 861 879 882
f 879 860 933
f 933 860 932
f 934 935 836
f 836 935 837
f 936 846 925
f 925 846 845
f 937 924 793
f 793 924 794
f 846 936 874
f 874 936 938
f 907 844 908
f 908 844 843
f 940 941 939
f 939 941 942
f 944 945 943
f 943 945 946
f 948 949 947
f 947 949 950
f 952 949 951
f 951 949 948
f 954 955 953
f 953 955 956
f 958 959 957
f 957 959 802
f 960 961 799
f 799 961 962
f 859 963 860
f 860 963 932
f 964 965 966
f 966 965 922
f 936 849 938
f 938 849 967
f 968 913 935
f 935 913 837
f 947 950 917
f 917 950 918
f 925 850 936
f 936 850 849
f 970 971 969
f 969 971 972
f 945 944 827
f 827 944 973
f 974 968 828
f 828 968 935
f 975 976 978
f 978 976 977
f 799 802 960
f 960 802 959
f 924 937 798
f 798 937 795
f 960 959 859
f 859 959 963
f 979 963 958
f 958 963 959
f 980 981 861
f 861 981 862
f 983 984 982
f 982 984 863
f 985 800 962
f 962 800 799
f 957 802 986
f 986 802 801
f 986 987 957
f 957 987 983
f 987 988 983
f 983 988 984
f 990 984 989
f 989 984 988
f 957 983 958
f 958 983 982
f 991 954 866
f 866 954 992
f 864 863 990
f 990 863 984
f 971 995 996
f 995 997 996
f 996 997 998
f 997 796 998
f 998 796 795
f 797 999 798
f 798 999 922
f 1000 1001 1003
f 1003 1001 1002
f 953 1004 954
f 954 1004 992
f 1005 865 992
f 992 865 866
f 998 795 1006
f 1006 795 937
f 912 991 838
f 838 991 866
f 916 1007 929
f 929 1007 930
f 971 970 988
f 988 970 989
f 1008 972 996
f 996 972 971
f 1009 1010 1006
f 1006 1010 1008
f 1011 1012 869
f 869 1012 867
f 1013 1014 871
f 871 1014 870
f 1008 1010 1012
f 1012 1010 1015
f 825 1016 826
f 826 1016 1017
f 1018 969 1013
f 1013 969 1014
f 783 786 894
f 894 786 1019
f 1020 1021 967
f 967 1021 938
f 1022 1023 876
f 876 1023 877
f 934 1024 825
f 825 1024 1016
f 854 1025 855
f 855 1025 1026
f 1028 903 1027
f 1027 903 902
f 1030 1031 1029
f 1029 1031 1032
f 889 888 814
f 814 888 1033
f 1034 811 1033
f 1033 811 814
f 1035 1036 932
f 932 1036 933
f 841 947 911
f 911 947 917
f 844 948 841
f 841 948 947
f 951 948 907
f 907 948 844
f 907 906 951
f 951 906 1037
f 906 1038 1037
f 1037 1038 1039
f 991 912 1040
f 1040 912 915
f 1041 1042 964
f 964 1042 965
f 890 1043 891
f 891 1043 1044
f 789 1045 1046
f 1012 1011 1008
f 1008 1011 972
f 931 1047 848
f 848 1047 845
f 953 956 943
f 943 956 919
f 928 931 872
f 872 931 848
f 1049 999 1048
f 1048 999 985
f 1047 931 1050
f 1050 931 930
f 899 823 887
f 887 823 886
f 825 828 934
f 934 828 935
f 835 1051 836
f 836 1051 1052
f 923 1053 1038
f 1038 1053 1039
f 1054 927 921
f 921 927 856
f 926 1047 853
f 853 1047 1050
f 985 1055 1048
f 1048 1055 1056
f 973 974 827
f 827 974 828
f 837 913 838
f 838 913 912
f 861 882 980
f 980 882 1057
f 927 926 856
f 856 926 853
f 1025 1056 1026
f 1026 1056 1055
f 961 960 862
f 862 960 859
f 826 1017 1059
f 1059 1017 1060
f 1005 1001 1061
f 1061 1001 1000
f 1001 1004 1002
f 1002 1004 946
f 1059 1060 1002
f 1002 1060 1003
f 943 946 953
f 953 946 1004
f 1042 1041 916
f 916 1041 1007
f 792 794 906
f 906 794 1038
f 998 1006 996
f 996 1006 1008
f 865 1005 1062
f 1062 1005 1061
f 1038 794 923
f 923 794 924
f 1022 876 1036
f 1036 876 933
f 836 1052 934
f 934 1052 1024
f 885 1063 829
f 829 1063 833
f 1021 1064 938
f 938 1064 874
f 1012 1015 867
f 867 1015 868
f 824 910 885
f 885 910 1063
f 1031 1030 1027
f 1027 1030 1028
f 1064 804 874
f 874 804 803
f 884 883 1065
f 1065 883 1066
f 1050 930 1067
f 1067 930 1007
f 916 929 917
f 917 929 911
f 961 1068 939
f 939 1068 940
f 1069 1070 1055
f 1055 1070 1071
f 929 928 911
f 911 928 872
f 1040 1053 955
f 955 1053 965
f 922 965 923
f 923 965 1053
f 1051 835 1062
f 1062 835 865
f 952 914 968
f 968 914 913
f 889 895 890
f 890 895 816
f 895 897 816
f 816 897 901
f 890 816 1043
f 1043 816 815
f 1065 1066 1032
f 1032 1066 1029
f 1006 937 1009
f 1009 937 793
f 1001 1005 1004
f 1004 1005 992
f 925 845 926
f 926 845 1047
f 1002 946 1059
f 1059 946 945
f 977 941 978
f 978 941 940
f 823 824 886
f 886 824 885
f 1059 945 826
f 826 945 827
f 939 942 1069
f 1069 942 1070
f 816 901 817
f 1071 1072 1055
f 1055 1072 1026
f 1062 1061 1074
f 1074 1061 1073
f 1062 1074 1051
f 1051 1074 1075
f 1052 1051 1076
f 1076 1051 1075
f 1024 1052 1077
f 1077 1052 1076
f 1061 1000 1073
f 1073 1000 1078
f 1000 1003 1078
f 1078 1003 1079
f 1079 1003 1080
f 1080 1003 1060
f 1081 1082 1078
f 1078 1082 1073
f 1084 1085 1083
f 1083 1085 1086
f 1087 1088 1086
f 1086 1088 1083
f 1086 1085 1090
f 1090 1085 1089
f 1091 1092 1090
f 1090 1092 1093
f 1089 1094 1090
f 1090 1094 1091
f 1095 1082 1089
f 1089 1082 1094
f 1093 1087 1090
f 1090 1087 1086
f 1096 1097 1099
f 1099 1097 1098
f 1097 1096 1087
f 1087 1096 1088
f 1089 1085 1095
f 1095 1085 1084
f 1084 1075 1095
f 1095 1075 1074
f 1084 1100 1075
f 1075 1100 1076
f 1083 1101 1084
f 1084 1101 1100
f 1101 1083 1102
f 1102 1083 1088
f 1082 1095 1073
f 1073 1095 1074
f 1096 1103 1088
f 1088 1103 1102
f 1101 1102 1104
f 1104 1102 1105
f 1102 1103 1105
f 1105 1103 1106
f 1104 1105 1107
f 1107 1105 1108
f 1107 1109 1104
f 1104 1109 1110
f 1111 1108 1106
f 1106 1108 1105
f 1101 1104 1100
f 1100 1104 1110
f 1100 1110 1076
f 1076 1110 1077
f 1103 1096 1112
f 1112 1096 1099
f 1091 1094 1113
f 1113 1094 1082
f 1113 1114 1091
f 1091 1114 1092
f 1082 1081 1113
f 1113 1081 1115
f 1114 1113 1116
f 1116 1113 1115
f 1114 1117 1092
f 1092 1117 1118
f 1024 1077 1016
f 1016 1077 1119
f 1017 1120 1060
f 1060 1120 1080
f 1120 1017 1119
f 1119 1017 1016
f 1119 1109 1120
f 1120 1109 1121
f 1109 1107 1121
f 1121 1107 1122
f 1120 1121 1080
f 1080 1121 1123
f 1119 1077 1109
f 1109 1077 1110
f 1124 1079 1123
f 1123 1079 1080
f 1124 1081 1079
f 1079 1081 1078
f 1125 1115 1124
f 1124 1115 1081
f 1125 1124 1126
f 1126 1124 1123
f 1127 1125 1128
f 1128 1125 1126
f 1121 1122 1123
f 1123 1122 1126
f 1122 1129 1126
f 1126 1129 1128
f 1115 1125 1116
f 1116 1125 1127
f 1131 1116 1130
f 1130 1116 1127
f 1130 1133 1132
f 1132 1133 1134
f 1130 1127 1133
f 1133 1127 1128
f 1130 1132 1131
f 1131 1132 1112
f 1131 1112 1117
f 1117 1112 1099
f 1117 1114 1131
f 1131 1114 1116
f 1107 1108 1122
f 1122 1108 1129
f 1134 1129 1111
f 1111 1129 1108
f 1134 1133 1129
f 1129 1133 1128
f 1132 1134 1106
f 1106 1134 1111
f 1106 1103 1132
f 1132 1103 1112
f 1087 1093 1097
f 1097 1093 1098
f 1098 1118 1099
f 1099 1118 1117
f 1098 1093 1118
f 1118 1093 1092
f 915 914 1039
f 1039 914 1037
f 918 944 919
f 919 944 943
f 950 949 973
f 973 949 974
f 949 952 974
f 974 952 968
f 956 955 1042
f 1042 955 965
f 950 973 918
f 918 973 944
f 915 1039 1040
f 1040 1039 1053
f 956 1042 919
f 919 1042 916
f 1040 955 991
f 991 955 954
f 914 952 1037
f 1037 952 951
f 1136 1137 1135
f 1135 1137 1138
f 1140 1141 1139
f 1139 1141 1142
f 1139 1142 1143
f 1143 1142 1144
f 1145 1146 1148
f 1148 1146 1147
f 854 1149 1025
f 1025 1149 1150
f 1151 1152 1140
f 1140 1152 1141
f 1154 1155 1153
f 1153 1155 1156
f 1067 1007 1158
f 1158 1007 1157
f 1159 1157 1041
f 1041 1157 1007
f 1161 1162 1160
f 1160 1162 1163
f 1164 1146 1152
f 1152 1146 1141
f 854 1067 1149
f 1149 1067 1158
f 1155 1154 1137
f 1137 1154 1165
f 1166 1164 1138
f 1138 1164 1152
f 1167 1161 1144
f 1144 1161 1168
f 1170 1171 1169
f 1169 1171 1172
f 1161 1160 1168
f 1168 1160 1173
f 1174 1143 1168
f 1168 1143 1144
f 1167 1144 1145
f 1145 1144 1142
f 1135 1175 1136
f 1136 1175 1176
f 1151 1177 1135
f 1135 1177 1175
f 1167 1145 1178
f 1178 1145 1148
f 1160 1163 1153
f 1153 1163 1150
f 1135 1138 1151
f 1151 1138 1152
f 1139 1179 1140
f 1140 1179 1180
f 1165 1166 1137
f 1137 1166 1138
f 1141 1146 1142
f 1142 1146 1145
f 1136 1176 1181
f 1181 1176 1182
f 1174 1170 1183
f 1183 1170 1169
f 1170 1173 1171
f 1171 1173 1156
f 1171 1181 1172
f 1172 1181 1182
f 1153 1156 1160
f 1160 1156 1173
f 1143 1174 1184
f 1184 1174 1183
f 1140 1180 1151
f 1151 1180 1177
f 1049 1048 1178
f 1178 1048 1162
f 1179 1139 1184
f 1184 1139 1143
f 1159 1147 1164
f 1164 1147 1146
f 1170 1174 1173
f 1173 1174 1168
f 1171 1156 1181
f 1181 1156 1155
f 1181 1155 1136
f 1136 1155 1137
f 1184 1183 1186
f 1186 1183 1185
f 1184 1186 1179
f 1179 1186 1187
f 1179 1187 1180
f 1180 1187 1188
f 1180 1188 1177
f 1177 1188 1189
f 1183 1169 1185
f 1185 1169 1190
f 1169 1172 1190
f 1190 1172 1191
f 1172 1182 1191
f 1191 1182 1192
f 1193 1194 1190
f 1190 1194 1185
f 1196 1197 1195
f 1195 1197 1198
f 1199 1200 1196
f 1196 1200 1197
f 1197 1200 1202
f 1202 1200 1201
f 1203 1204 1202
f 1202 1204 1205
f 1201 1206 1202
f 1202 1206 1203
f 1205 1198 1202
f 1202 1198 1197
f 1198 1207 1195
f 1195 1207 1208
f 1201 1200 1209
f 1209 1200 1199
f 1199 1187 1209
f 1209 1187 1186
f 1199 1210 1187
f 1187 1210 1188
f 1196 1211 1199
f 1199 1211 1210
f 1212 1211 1195
f 1195 1211 1196
f 1209 1194 1201
f 1201 1194 1206
f 1194 1209 1185
f 1185 1209 1186
f 1213 1212 1208
f 1208 1212 1195
f 1211 1212 1214
f 1214 1212 1215
f 1212 1213 1215
f 1215 1213 1216
f 1214 1215 1217
f 1217 1215 1218
f 1217 1219 1214
f 1214 1219 1220
f 1216 1221 1215
f 1215 1221 1218
f 1214 1220 1211
f 1211 1220 1210
f 1210 1220 1188
f 1188 1220 1189
f 1213 1208 1223
f 1223 1208 1222
f 1208 1207 1222
f 1222 1207 1224
f 1203 1206 1225
f 1225 1206 1194
f 1204 1203 1226
f 1226 1203 1225
f 1194 1193 1225
f 1225 1193 1227
f 1225 1227 1226
f 1226 1227 1228
f 1229 1230 1226
f 1226 1230 1204
f 1224 1230 1222
f 1222 1230 1229
f 1177 1189 1175
f 1175 1189 1231
f 1176 1232 1182
f 1182 1232 1192
f 1232 1176 1231
f 1231 1176 1175
f 1231 1219 1232
f 1232 1219 1233
f 1219 1217 1233
f 1233 1217 1234
f 1232 1233 1192
f 1192 1233 1235
f 1219 1231 1220
f 1220 1231 1189
f 1236 1191 1235
f 1235 1191 1192
f 1236 1193 1191
f 1191 1193 1190
f 1236 1237 1193
f 1193 1237 1227
f 1237 1236 1238
f 1238 1236 1235
f 1239 1237 1240
f 1240 1237 1238
f 1233 1234 1235
f 1235 1234 1238
f 1234 1241 1238
f 1238 1241 1240
f 1237 1239 1227
f 1227 1239 1228
f 1243 1228 1242
f 1242 1228 1239
f 1242 1245 1244
f 1244 1245 1246
f 1242 1239 1245
f 1245 1239 1240
f 1242 1244 1243
f 1243 1244 1223
f 1243 1223 1229
f 1229 1223 1222
f 1229 1226 1243
f 1243 1226 1228
f 1217 1218 1234
f 1234 1218 1241
f 1246 1241 1221
f 1221 1241 1218
f 1246 1245 1241
f 1241 1245 1240
f 1244 1246 1216
f 1216 1246 1221
f 1216 1213 1244
f 1244 1213 1223
f 1198 1205 1207
f 1207 1205 1224
f 1224 1205 1230
f 1230 1205 1204
f 1148 1147 966
f 966 1147 964
f 1149 1154 1150
f 1150 1154 1153
f 1158 1157 1165
f 1165 1157 1166
f 1157 1159 1166
f 1166 1159 1164
f 1163 1162 1056
f 1056 1162 1048
f 1158 1165 1149
f 1149 1165 1154
f 1178 1148 1049
f 1049 1148 966
f 1163 1056 1150
f 1150 1056 1025
f 1178 1162 1167
f 1167 1162 1161
f 1147 1159 964
f 964 1159 1041
f 999 1049 922
f 922 1049 966
f 999 797 985
f 985 797 800
f 797 796 800
f 800 796 801
f 796 997 801
f 801 997 986
f 1247 1248 1250
f 1250 1248 1249
f 1252 1253 1251
f 1251 1253 1254
f 1251 1254 1255
f 1255 1254 1256
f 1258 1259 1257
f 1257 1259 1260
f 1261 1262 1252
f 1252 1262 1253
f 1264 1265 1263
f 1263 1265 1266
f 1267 1268 855
f 855 1268 920
f 1269 1267 1026
f 1026 1267 855
f 1271 1272 1270
f 1270 1272 1273
f 1274 1258 1262
f 1262 1258 1253
f 1264 1275 1265
f 1265 1275 1249
f 1276 1274 1250
f 1250 1274 1262
f 1277 1271 1256
f 1256 1271 1278
f 1279 1280 1282
f 1282 1280 1281
f 1271 1270 1278
f 1278 1270 1283
f 1284 1255 1278
f 1278 1255 1256
f 1277 1256 1257
f 1257 1256 1254
f 1247 1285 1248
f 1248 1285 1286
f 1261 1287 1247
f 1247 1287 1285
f 1257 1260 1277
f 1277 1260 1288
f 1270 1273 1263
f 1263 1273 1289
f 1261 1247 1262
f 1262 1247 1250
f 1251 1290 1252
f 1252 1290 1291
f 1275 1276 1249
f 1249 1276 1250
f 1253 1258 1254
f 1254 1258 1257
f 1248 1286 1292
f 1292 1286 1293
f 1284 1280 1294
f 1294 1280 1279
f 1281 1280 1266
f 1266 1280 1283
f 1292 1293 1281
f 1281 1293 1282
f 1263 1266 1270
f 1270 1266 1283
f 1255 1284 1295
f 1295 1284 1294
f 1252 1291 1261
f 1261 1291 1287
f 1288 1070 1272
f 1272 1070 942
f 1290 1251 1295
f 1295 1251 1255
f 1269 1259 1274
f 1274 1259 1258
f 1280 1284 1283
f 1283 1284 1278
f 1281 1266 1292
f 1292 1266 1265
f 1292 1265 1248
f 1248 1265 1249
f 1295 1294 1297
f 1297 1294 1296
f 1295 1297 1290
f 1290 1297 1298
f 1290 1298 1291
f 1291 1298 1299
f 1291 1299 1287
f 1287 1299 1300
f 1294 1279 1296
f 1296 1279 1301
f 1279 1282 1301
f 1301 1282 1302
f 1302 1282 1303
f 1303 1282 1293
f 1304 1305 1301
f 1301 1305 1296
f 1307 1308 1306
f 1306 1308 1309
f 1310 1311 1307
f 1307 1311 1308
f 1308 1311 1313
f 1313 1311 1312
f 1314 1315 1313
f 1313 1315 1316
f 1312 1317 1313
f 1313 1317 1314
f 1316 1309 1313
f 1313 1309 1308
f 1318 1319 1309
f 1309 1319 1306
f 1311 1310 1312
f 1312 1310 1320
f 1310 1298 1320
f 1320 1298 1297
f 1310 1321 1298
f 1298 1321 1299
f 1307 1322 1310
f 1310 1322 1321
f 1322 1307 1323
f 1323 1307 1306
f 1312 1320 1317
f 1317 1320 1305
f 1305 1320 1296
f 1296 1320 1297
f 1319 1324 1306
f 1306 1324 1323
f 1325 1322 1326
f 1326 1322 1323
f 1324 1327 1323
f 1323 1327 1326
f 1328 1325 1329
f 1329 1325 1326
f 1325 1328 1331
f 1331 1328 1330
f 1327 1332 1326
f 1326 1332 1329
f 1322 1325 1321
f 1321 1325 1331
f 1321 1331 1299
f 1299 1331 1300
f 1324 1319 1334
f 1334 1319 1333
f 1319 1318 1333
f 1333 1318 1335
f 1314 1317 1336
f 1336 1317 1305
f 1315 1314 1337
f 1337 1314 1336
f 1305 1304 1336
f 1336 1304 1338
f 1337 1336 1339
f 1339 1336 1338
f 1337 1340 1315
f 1315 1340 1341
f 1335 1341 1333
f 1333 1341 1340
f 1287 1300 1285
f 1285 1300 1342
f 1286 1343 1293
f 1293 1343 1303
f 1343 1286 1342
f 1342 1286 1285
f 1342 1330 1343
f 1343 1330 1344
f 1330 1328 1344
f 1344 1328 1345
f 1343 1344 1303
f 1303 1344 1346
f 1342 1300 1330
f 1330 1300 1331
f 1347 1302 1346
f 1346 1302 1303
f 1347 1304 1302
f 1302 1304 1301
f 1348 1338 1347
f 1347 1338 1304
f 1348 1347 1349
f 1349 1347 1346
f 1350 1348 1351
f 1351 1348 1349
f 1344 1345 1346
f 1346 1345 1349
f 1345 1352 1349
f 1349 1352 1351
f 1348 1350 1338
f 1338 1350 1339
f 1354 1339 1353
f 1353 1339 1350
f 1353 1356 1355
f 1355 1356 1357
f 1353 1350 1356
f 1356 1350 1351
f 1353 1355 1354
f 1354 1355 1334
f 1354 1334 1340
f 1340 1334 1333
f 1340 1337 1354
f 1354 1337 1339
f 1328 1329 1345
f 1345 1329 1352
f 1357 1352 1332
f 1332 1352 1329
f 1357 1356 1352
f 1352 1356 1351
f 1357 1332 1355
f 1355 1332 1327
f 1327 1324 1355
f 1355 1324 1334
f 1309 1316 1318
f 1318 1316 1335
f 1335 1316 1341
f 1341 1316 1315
f 1259 1072 1260
f 1260 1072 1071
f 1358 1264 1289
f 1289 1264 1263
f 1268 1267 1275
f 1275 1267 1276
f 1267 1269 1276
f 1276 1269 1274
f 941 1273 942
f 942 1273 1272
f 1358 1268 1264
f 1264 1268 1275
f 1260 1071 1288
f 1288 1071 1070
f 1273 941 1289
f 1289 941 977
f 1272 1271 1288
f 1288 1271 1277
f 1259 1269 1072
f 1072 1269 1026
f 1360 1361 1359
f 1359 1361 1362
f 1364 1365 1363
f 1363 1365 1366
f 1363 1366 1367
f 1367 1366 1368
f 1370 1371 1369
f 1369 1371 1372
f 1373 1374 1376
f 1376 1374 1375
f 1377 1378 1364
f 1364 1378 1365
f 1379 1380 1382
f 1382 1380 1381
f 1383 1384 1386
f 1386 1384 1385
f 1387 1385 978
f 978 1385 1384
f 1388 1389 1391
f 1391 1389 1390
f 1378 1392 1365
f 1365 1392 1370
f 1374 1383 1375
f 1375 1383 1386
f 1380 1393 1381
f 1381 1393 1361
f 1394 1392 1362
f 1362 1392 1378
f 1389 1396 1395
f 1395 1396 1368
f 1398 1399 1397
f 1397 1399 1400
f 1388 1401 1389
f 1389 1401 1396
f 1402 1367 1396
f 1396 1367 1368
f 1395 1368 1369
f 1369 1368 1366
f 1359 1403 1360
f 1360 1403 1404
f 1377 1405 1359
f 1359 1405 1403
f 1369 1372 1395
f 1395 1372 1406
f 1379 1388 1376
f 1376 1388 1391
f 1359 1362 1377
f 1377 1362 1378
f 1363 1407 1364
f 1364 1407 1408
f 1393 1394 1361
f 1361 1394 1362
f 1365 1370 1366
f 1366 1370 1369
f 1360 1404 1409
f 1409 1404 1410
f 1402 1398 1411
f 1411 1398 1397
f 1399 1398 1382
f 1382 1398 1401
f 1409 1410 1399
f 1399 1410 1400
f 1388 1379 1401
f 1401 1379 1382
f 1367 1402 1412
f 1412 1402 1411
f 1364 1408 1377
f 1377 1408 1405
f 981 980 1406
f 1406 980 1390
f 1407 1363 1412
f 1412 1363 1367
f 1387 1371 1392
f 1392 1371 1370
f 1398 1402 1401
f 1401 1402 1396
f 1409 1399 1381
f 1381 1399 1382
f 1360 1409 1361
f 1361 1409 1381
f 1412 1411 1414
f 1414 1411 1413
f 1412 1414 1407
f 1407 1414 1415
f 1407 1415 1408
f 1408 1415 1416
f 1408 1416 1405
f 1405 1416 1417
f 1411 1397 1413
f 1413 1397 1418
f 1397 1400 1418
f 1418 1400 1419
f 1419 1400 1420
f 1420 1400 1410
f 1422 1413 1421
f 1421 1413 1418
f 1423 1424 1426
f 1426 1424 1425
f 1427 1428 1424
f 1424 1428 1425
f 1425 1428 1430
f 1430 1428 1429
f 1430 1431 1433
f 1433 1431 1432
f 1429 1434 1430
f 1430 1434 1431
f 1433 1426 1430
f 1430 1426 1425
f 1426 1435 1423
f 1423 1435 1436
f 1428 1427 1429
f 1429 1427 1437
f 1427 1415 1437
f 1437 1415 1414
f 1427 1438 1415
f 1415 1438 1416
f 1439 1438 1424
f 1424 1438 1427
f 1440 1439 1423
f 1423 1439 1424
f 1429 1437 1434
f 1434 1437 1422
f 1422 1437 1413
f 1413 1437 1414
f 1441 1440 1436
f 1436 1440 1423
f 1442 1439 1443
f 1443 1439 1440
f 1441 1444 1440
f 1440 1444 1443
f 1445 1442 1446
f 1446 1442 1443
f 1442 1445 1448
f 1448 1445 1447
f 1444 1449 1443
f 1443 1449 1446
f 1439 1442 1438
f 1438 1442 1448
f 1438 1448 1416
f 1416 1448 1417
f 1436 1450 1441
f 1441 1450 1451
f 1436 1435 1450
f 1450 1435 1452
f 1431 1434 1453
f 1453 1434 1422
f 1431 1453 1432
f 1432 1453 1454
f 1453 1422 1455
f 1455 1422 1421
f 1454 1453 1456
f 1456 1453 1455
f 1457 1458 1454
f 1454 1458 1432
f 1452 1458 1450
f 1450 1458 1457
f 1405 1417 1403
f 1403 1417 1459
f 1404 1460 1410
f 1410 1460 1420
f 1459 1460 1403
f 1403 1460 1404
f 1447 1461 1459
f 1459 1461 1460
f 1445 1462 1447
f 1447 1462 1461
f 1460 1461 1420
f 1420 1461 1463
f 1459 1417 1447
f 1447 1417 1448
f 1464 1419 1463
f 1463 1419 1420
f 1419 1464 1418
f 1418 1464 1421
f 1464 1465 1421
f 1421 1465 1455
f 1465 1464 1466
f 1466 1464 1463
f 1467 1465 1468
f 1468 1465 1466
f 1461 1462 1463
f 1463 1462 1466
f 1462 1469 1466
f 1466 1469 1468
f 1465 1467 1455
f 1455 1467 1456
f 1471 1456 1470
f 1470 1456 1467
f 1470 1473 1472
f 1472 1473 1474
f 1470 1467 1473
f 1473 1467 1468
f 1470 1472 1471
f 1471 1472 1451
f 1471 1451 1457
f 1457 1451 1450
f 1457 1454 1471
f 1471 1454 1456
f 1462 1445 1469
f 1469 1445 1446
f 1474 1469 1449
f 1449 1469 1446
f 1474 1473 1469
f 1469 1473 1468
f 1472 1474 1444
f 1444 1474 1449
f 1444 1441 1472
f 1472 1441 1451
f 1426 1433 1435
f 1435 1433 1452
f 1452 1433 1458
f 1458 1433 1432
f 1371 940 1372
f 1372 940 1068
f 1376 1375 1379
f 1379 1375 1380
f 1393 1386 1394
f 1394 1386 1385
f 1385 1387 1394
f 1394 1387 1392
f 1475 1373 1391
f 1391 1373 1376
f 1375 1386 1380
f 1380 1386 1393
f 1372 1068 1406
f 1406 1068 981
f 1406 1390 1395
f 1395 1390 1389
f 1371 1387 940
f 940 1387 978
f 883 807 1476
f 1476 807 1477
f 1046 904 1479
f 1479 904 1478
f 904 903 1478
f 1478 903 1480
f 1030 1481 1028
f 1028 1481 1482
f 810 1046 1483
f 1483 1046 1479
f 1066 883 1484
f 1484 883 1476
f 807 810 1477
f 1477 810 1483
f 1485 1029 1484
f 1484 1029 1066
f 1028 1482 903
f 903 1482 1480
f 1481 1030 1485
f 1485 1030 1029
f 1484 1486 1485
f 1485 1486 1487
f 1485 1487 1481
f 1481 1487 1488
f 1481 1488 1482
f 1482 1488 1489
f 1482 1489 1480
f 1480 1489 1490
f 1484 1476 1486
f 1486 1476 1491
f 1476 1477 1491
f 1491 1477 1492
f 1477 1483 1492
f 1492 1483 1493
f 1495 1486 1494
f 1494 1486 1491
f 1497 1498 1496
f 1496 1498 1499
f 1500 1501 1497
f 1497 1501 1498
f 1502 1503 1501
f 1501 1503 1498
f 1502 1504 1503
f 1503 1504 1505
f 1506 1499 1503
f 1503 1499 1498
f 1499 1506 1507
f 1507 1506 1508
f 1507 1509 1499
f 1499 1509 1496
f 1502 1501 1510
f 1510 1501 1500
f 1500 1488 1510
f 1510 1488 1487
f 1500 1511 1488
f 1488 1511 1489
f 1497 1512 1500
f 1500 1512 1511
f 1512 1497 1513
f 1513 1497 1496
f 1502 1510 1504
f 1504 1510 1495
f 1495 1510 1486
f 1486 1510 1487
f 1509 1514 1496
f 1496 1514 1513
f 1515 1512 1516
f 1516 1512 1513
f 1514 1517 1513
f 1513 1517 1516
f 1518 1515 1519
f 1519 1515 1516
f 1515 1518 1521
f 1521 1518 1520
f 1517 1522 1516
f 1516 1522 1519
f 1512 1515 1511
f 1511 1515 1521
f 1511 1521 1489
f 1489 1521 1490
f 1514 1509 1524
f 1524 1509 1523
f 1509 1507 1523
f 1523 1507 1508
f 1505 1504 1525
f 1525 1504 1495
f 1526 1505 1527
f 1527 1505 1525
f 1525 1495 1528
f 1528 1495 1494
f 1527 1525 1529
f 1529 1525 1528
f 1527 1530 1526
f 1526 1530 1531
f 1508 1531 1523
f 1523 1531 1530
f 1506 1503 1526
f 1526 1503 1505
f 1508 1506 1531
f 1531 1506 1526
f 1478 1480 1532
f 1532 1480 1490
f 1483 1479 1493
f 1493 1479 1533
f 1532 1533 1478
f 1478 1533 1479
f 1520 1534 1532
f 1532 1534 1533
f 1518 1535 1520
f 1520 1535 1534
f 1533 1534 1493
f 1493 1534 1536
f 1532 1490 1520
f 1520 1490 1521
f 1537 1492 1536
f 1536 1492 1493
f 1492 1537 1491
f 1491 1537 1494
f 1537 1538 1494
f 1494 1538 1528
f 1538 1537 1539
f 1539 1537 1536
f 1540 1538 1541
f 1541 1538 1539
f 1534 1535 1536
f 1536 1535 1539
f 1535 1542 1539
f 1539 1542 1541
f 1538 1540 1528
f 1528 1540 1529
f 1544 1529 1543
f 1543 1529 1540
f 1545 1543 1547
f 1547 1543 1546
f 1543 1540 1546
f 1546 1540 1541
f 1543 1545 1544
f 1544 1545 1524
f 1544 1524 1530
f 1530 1524 1523
f 1530 1527 1544
f 1544 1527 1529
f 1535 1518 1542
f 1542 1518 1519
f 1547 1542 1522
f 1522 1542 1519
f 1547 1546 1542
f 1542 1546 1541
f 1545 1547 1517
f 1517 1547 1522
f 1517 1514 1545
f 1545 1514 1524
f 997 995 986
f 986 995 987
f 987 995 988
f 988 995 971
f 976 1358 977
f 977 1358 1289
f 854 853 1067
f 1067 853 1050
f 1055 985 1069
f 1069 985 962
f 1068 961 981
f 981 961 862
f 1268 1358 920
f 920 1358 976
f 920 976 921
f 921 976 975
f 927 1054 850
f 850 1054 851
f 882 881 1057
f 1057 881 1548
f 1548 1374 1057
f 1057 1374 1373
f 1383 1374 1549
f 1549 1374 1548
f 1549 1548 1550
f 1550 1548 881
f 1550 881 1551
f 1551 881 880
f 933 1552 879
f 879 1552 880
f 1551 880 875
f 875 880 1552
f 1553 1551 878
f 878 1551 875
f 1551 1553 1550
f 1550 1553 1554
f 1550 1554 1549
f 1549 1554 1555
f 978 1384 975
f 975 1384 1555
f 967 849 1556
f 1556 849 852
f 875 1552 876
f 876 1552 933
f 961 939 962
f 962 939 1069
f 1555 1054 975
f 975 1054 921
f 1555 1384 1549
f 1549 1384 1383
f 1391 1390 1475
f 1475 1390 980
f 1373 1475 1057
f 1057 1475 980
f 851 1054 1554
f 1554 1054 1555
f 1554 1553 851
f 851 1553 852
f 878 1556 1553
f 1553 1556 852
f 1556 878 967
f 967 878 877
f 1023 1020 877
f 877 1020 967
f 909 811 1034
f 806 779 873
f 873 779 840
f 805 780 806
f 806 780 779
f 1043 893 1044
f 1044 893 892
f 873 840 847
f 847 840 842
f 840 839 842
f 842 839 843
f 839 791 843
f 843 791 908
f 791 790 908
f 908 790 792
f 809 789 810
f 810 789 1046
f 793 790 809
f 809 790 789
f 809 808 793
f 793 808 1009
f 808 884 1009
f 1009 884 1010
f 1065 1015 884
f 884 1015 1010
f 1032 868 1065
f 1065 868 1015
f 1031 822 1032
f 1032 822 868
f 1031 1027 822
f 822 1027 785
f 1045 905 1046
f 1046 905 904
f 788 781 1019
f 1019 781 894
f 781 780 894
f 894 780 892
f 780 805 892
f 892 805 1044
f 805 804 1044
f 1044 804 891
f 804 1064 891
f 891 1064 888
f 1064 1021 888
f 888 1021 1033
f 1021 1020 1033
f 1033 1020 1034
f 1020 1023 1034
f 1034 1023 909
f 1023 1022 909
f 909 1022 910
f 1043 815 893
f 893 815 819
f 819 815 820
f 820 815 818
f 870 869 818
f 818 869 820
f 1014 1011 870
f 870 1011 869
f 969 972 1014
f 1014 972 1011
f 1036 1063 1022
f 1022 1063 910
f 1035 833 1036
f 1036 833 1063
f 1035 932 979
f 979 932 963
f 834 979 982
f 982 979 958
f 833 1035 834
f 834 1035 979
f 982 863 834
f 834 863 830
f 864 900 831
f 831 900 857
f 990 993 864
f 864 993 900
f 989 994 990
f 990 994 993
f 970 1058 989
f 989 1058 994
f 969 1018 970
f 970 1018 1058
f 1027 902 785
f 785 902 786
f 902 905 786
f 786 905 1019
f 905 1045 1019
f 1019 1045 788
f 788 1045 787
f 787 1045 789

o geometry_2
v -37.83356476 -30.38769531 479.15344238 0.04705882 0.02745098 0.52549020
v -12.04654980 -3.60095215 530.93933105 0.04705882 0.02745098 0.52549020
v 24.92341042 4.03191376 544.62811279 0.04705882 0.02745098 0.52549020
v 28.96335030 64.42050171 439.15435791 0.50588235 0.01568627 0.65490196
v -65.50154114 34.79453659 518.89898682 0.04705882 0.02745098 0.52549020
v -0.52643681 -6.05145264 527.66577148 0.04705882 0.02745098 0.52549020
v 2.77326775 -11.03975296 520.30352783 0.04705882 0.02745098 0.52549020
v -33.02218628 26.72879791 557.68115234 0.04705882 0.02745098 0.52549020
v 5.42554283 -34.16823578 472.32702637 0.04705882 0.02745098 0.52549020
v -40.73686981 31.30589676 553.71520996 0.04705882 0.02745098 0.52549020
v -19.97030449 -16.59469986 459.34164429 0.04705882 0.02745098 0.52549020
v -2.93301249 -31.69271088 468.98468018 0.04705882 0.02745098 0.52549020
v -34.99452972 -14.89135361 457.27587891 0.04705882 0.02745098 0.52549020
v -60.23795319 96.11117554 487.45840454 0.07450980 0.02352941 0.53725490
v -32.00626373 -2.60050583 530.67681885 0.04705882 0.02745098 0.52549020
v -21.15222549 -22.08600235 497.76220703 0.04705882 0.02745098 0.52549020
v -6.05291843 -26.48664093 487.31408691 0.04705882 0.02745098 0.52549020
v -6.90848064 10.96686935 552.87365723 0.04705882 0.02745098 0.52549020
v -51.92965698 -10.98011017 514.50347900 0.22745098 0.01568627 0.60392157
v -48.83176422 -16.31259537 508.56936646 0.19215686 0.01568627 0.58823529
v -48.27480316 -21.26733017 497.92520142 0.13725490 0.01960784 0.56470588
v -58.99158478 4.17378235 541.11566162 0.12941176 0.01960784 0.56078431
v -55.96500397 -4.31108475 528.78686523 0.12156863 0.01960784 0.55686275
v -13.56962585 69.25253296 534.68017578 0.04705882 0.02745098 0.52549020
v -35.89386368 -12.78578949 516.33160400 0.06274510 0.02745098 0.52941176
v -10.62662601 4.27368546 545.28240967 0.04705882 0.02745098 0.52549020
v 45.06343079 98.83676147 498.56091309 0.04705882 0.02745098 0.52549020
v 45.13679504 100.94419861 501.45294189 0.04705882 0.02745098 0.52549020
v -3.39137888 -25.05094528 491.20944214 0.04705882 0.02745098 0.52549020
v -13.80912209 -13.57964706 513.26831055 0.04705882 0.02745098 0.52549020
v -0.58539534 -15.01597977 511.29553223 0.04705882 0.02745098 0.52549020
v 50.09613800 53.25848770 432.32791138 0.90980392 0.43921569 0.34901961
v 32.88806915 65.15425110 438.17913818 0.65490196 0.12941176 0.59215686
v 49.32408905 54.34861755 449.98672485 0.25882353 0.01176471 0.61568627
v 48.25155640 67.06240845 474.63244629 0.04705882 0.02745098 0.52549020
v 46.14706421 81.78847504 506.57128906 0.04705882 0.02745098 0.52549020
v 40.71807861 96.26104736 523.57141113 0.04705882 0.02745098 0.52549020
v 48.71757507 63.45949173 463.47476196 0.08235294 0.02352941 0.54117647
v -9.07705498 2.06559372 539.05578613 0.04705882 0.02745098 0.52549020
v -17.54971695 -1.99402618 535.18615723 0.04705882 0.02745098 0.52549020
v -64.33457947 15.00839615 511.45166016 0.07450980 0.02352941 0.53725490
v -12.28033638 7.12463188 548.60369873 0.04705882 0.02745098 0.52549020
v -6.11381912 85.91610718 470.73287964 0.06274510 0.02745098 0.52941176
v 17.43864250 90.31880188 523.92034912 0.04705882 0.02745098 0.52549020
v 2.69993973 73.77149200 450.95001221 0.04705882 0.02745098 0.52549020
v 30.58038521 43.22586441 429.52310181 0.34901961 0.00392157 0.64313725
v 25.24136543 44.27807999 428.12466431 0.23137255 0.01176471 0.60392157
v 40.67901611 39.48483658 432.70562744 0.29803922 0.00784314 0.63137255
v 45.24890137 73.37158203 524.94049072 0.04705882 0.02745098 0.52549020
v 49.96313477 35.24778748 451.83508301 0.07450980 0.02352941 0.53725490
v -26.10137177 -17.76404190 506.82421875 0.04705882 0.02745098 0.52549020
v -25.35331917 74.25408936 452.35003662 0.36862745 0.00000000 0.64705882
v 45.99906921 52.58345032 514.63720703 0.04705882 0.02745098 0.52549020
v -32.95314789 91.18954468 479.60159302 0.19215686 0.01568627 0.58823529
v 30.14601707 73.94619751 452.48165894 0.10588235 0.02352941 0.54901961
v -46.93959808 12.73738861 555.18273926 0.04705882 0.02745098 0.52549020
v -29.33580589 16.96453857 563.43811035 0.04705882 0.02745098 0.52549020
v -12.10869598 -31.31830597 474.69464111 0.04705882 0.02745098 0.52549020
v -61.92830658 101.69890594 500.87380981 0.04705882 0.02745098 0.52549020
v -1.00280666 36.61928177 429.86260986 0.04705882 0.02745098 0.52549020
v -50.87678528 76.86911011 456.47479248 0.98823529 0.66274510 0.20392157
v -3.29086590 33.04701614 431.78909302 0.04705882 0.02745098 0.52549020
v 30.56449699 60.10524368 543.05163574 0.04705882 0.02745098 0.52549020
v -33.49062347 51.22787476 421.44113159 0.04705882 0.02745098 0.52549020
v 46.32066345 43.89764023 528.67663574 0.04705882 0.02745098 0.52549020
v -30.36216545 -20.73210144 500.71362305 0.04705882 0.02745098 0.52549020
v 39.68467712 -25.79973602 492.29760742 0.04705882 0.02745098 0.52549020
v 46.86193848 -10.23193359 518.09466553 0.06274510 0.02745098 0.52941176
v -42.06528473 78.90907288 525.44165039 0.04705882 0.02745098 0.52549020
v -30.08355713 33.37395859 429.70379639 0.04705882 0.02745098 0.52549020
v 44.86708069 30.55060387 552.96600342 0.04705882 0.02745098 0.52549020
v -66.10464478 82.33898926 498.04522705 0.04705882 0.02745098 0.52549020
v -59.54391479 52.76205444 427.31817627 0.04705882 0.02745098 0.52549020
v -45.69893646 42.64906311 424.61773682 0.04705882 0.02745098 0.52549020
v 4.74400043 -13.98203659 514.96948242 0.04705882 0.02745098 0.52549020
v 35.24291229 17.55341530 565.38818359 0.04705882 0.02745098 0.52549020
v -4.92582226 99.91659546 495.49810791 0.04705882 0.02745098 0.52549020
v 45.56344604 21.88835526 565.88818359 0.04705882 0.02745098 0.52549020
v -42.58266449 66.19707489 533.18487549 0.04705882 0.02745098 0.52549020
v -31.27739716 22.54315186 436.52166748 0.04705882 0.02745098 0.52549020
v 4.95524502 4.66113281 447.81466675 0.04705882 0.02745098 0.52549020
v -2.25412846 48.15136719 547.44140625 0.04705882 0.02745098 0.52549020
v 44.80986023 15.90396690 552.55853271 0.04705882 0.02745098 0.52549020
v -9.80217361 54.80884552 543.52441406 0.04705882 0.02745098 0.52549020
v -40.74713135 -12.48536301 515.23718262 0.07450980 0.02352941 0.53725490
v 40.47367859 49.64789581 552.47344971 0.04705882 0.02745098 0.52549020
v -32.07529068 101.75067902 499.67791748 0.04705882 0.02745098 0.52549020
v 26.70702553 66.36251831 439.80416870 0.37254902 0.00000000 0.65098039
v 11.92496681 49.40308380 424.96057129 0.10588235 0.02352941 0.54901961
v -25.44862366 -22.82638550 494.19888306 0.04705882 0.02745098 0.52549020
v -25.02666092 -3.41131210 533.19561768 0.04705882 0.02745098 0.52549020
v -30.60601234 -24.64447403 489.18798828 0.04705882 0.02745098 0.52549020
v -62.53735352 42.21215057 479.61224365 0.04705882 0.02745098 0.52549020
v 43.06681061 -13.49374390 513.42083740 0.06274510 0.02745098 0.52941176
v 49.20507050 -25.38291168 491.36947632 0.10588235 0.02352941 0.54901961
v 41.64801025 -1.64549637 534.47955322 0.04705882 0.02745098 0.52549020
v -61.24567413 32.73172379 456.49127197 0.04705882 0.02745098 0.52549020
v 28.43902016 18.44395828 566.34887695 0.04705882 0.02745098 0.52549020
v 24.43349266 18.79218864 565.63037109 0.04705882 0.02745098 0.52549020
v -59.27831268 22.40684891 439.68984985 0.04705882 0.02745098 0.52549020
v -4.16563368 -9.31407166 454.96166992 0.04705882 0.02745098 0.52549020
v 24.65980721 -31.31662750 476.87902832 0.04705882 0.02745098 0.52549020
v -16.88926315 -11.89245224 456.18020630 0.04705882 0.02745098 0.52549020
v 2.36678505 18.27923584 564.09594727 0.04705882 0.02745098 0.52549020
v -39.31116486 -0.85528183 449.61038208 0.04705882 0.02745098 0.52549020
v -20.91105843 -11.54619217 455.49899292 0.04705882 0.02745098 0.52549020
v -0.89281797 16.85210609 561.59625244 0.04705882 0.02745098 0.52549020
v -60.78748322 47.84040070 541.99078369 0.10588235 0.02352941 0.54901961
v -23.06857872 86.40586853 523.50354004 0.04705882 0.02745098 0.52549020
v -0.44985628 -17.02047729 507.20718384 0.04705882 0.02745098 0.52549020
v -66.56532288 100.58060455 511.51928711 0.04705882 0.02745098 0.52549020
v -4.01979208 95.03533936 485.70623779 0.04705882 0.02745098 0.52549020
v -9.34733486 13.14528656 556.22039795 0.04705882 0.02745098 0.52549020
v 39.85671234 59.46201324 428.08496094 0.79215686 0.27450980 0.47058824
v -25.18507004 -21.94018936 461.74722290 0.04705882 0.02745098 0.52549020
v -64.80110168 31.89563179 538.98376465 0.08235294 0.02352941 0.54117647
v -28.57793999 19.34415054 558.54217529 0.04705882 0.02745098 0.52549020
v -4.33281803 -28.53253174 484.74697876 0.04705882 0.02745098 0.52549020
v -24.13869095 15.58960152 560.82934570 0.04705882 0.02745098 0.52549020
v -41.61530304 21.14638519 558.74322510 0.04705882 0.02745098 0.52549020
v -46.05164337 -9.13318634 454.33084106 0.04705882 0.02745098 0.52549020
v -5.55221796 -31.49030304 475.52877808 0.04705882 0.02745098 0.52549020
v 40.18601990 77.58961487 456.97079468 0.09411765 0.02352941 0.54509804
v -42.89422607 100.33096313 498.05194092 0.04705882 0.02745098 0.52549020
v -64.73860168 9.44121361 513.95587158 0.12156863 0.01960784 0.55686275
v -61.18455505 -12.09963989 475.79266357 0.22745098 0.01568627 0.60392157
v -45.15607452 14.79630089 561.20312500 0.04705882 0.02745098 0.52549020
v -28.99445724 -29.04798889 484.01434326 0.04705882 0.02745098 0.52549020
v -30.77766418 -23.52186966 493.00610352 0.04705882 0.02745098 0.52549020
v -60.69168091 -11.66794586 472.07183838 0.20000000 0.01568627 0.59215686
v -31.99412918 -16.92598724 507.21539307 0.04705882 0.02745098 0.52549020
v 1.60171318 1.18696976 540.62438965 0.04705882 0.02745098 0.52549020
v -58.38851166 -2.21911240 528.19378662 0.12941176 0.01960784 0.56078431
v -65.77924347 31.99391556 520.24468994 0.04705882 0.02745098 0.52549020
v -4.11447763 88.79428864 475.69149780 0.04705882 0.02745098 0.52549020
v 36.09187317 102.07596588 519.02258301 0.04705882 0.02745098 0.52549020
v -60.70535278 -27.77903748 474.16961670 0.38039216 0.00000000 0.65098039
v -17.09120560 -18.19488144 506.24279785 0.04705882 0.02745098 0.52549020
v 46.64261627 91.50012207 491.80111694 0.04705882 0.02745098 0.52549020
v 35.86473846 93.06805420 484.23089600 0.04705882 0.02745098 0.52549020
v 29.06303978 108.54478455 516.17846680 0.04705882 0.02745098 0.52549020
v 34.48852539 88.90724182 477.26684570 0.04705882 0.02745098 0.52549020
v 47.37004089 98.73003387 521.73895264 0.04705882 0.02745098 0.52549020
v -21.10327339 -28.98740387 483.29800415 0.04705882 0.02745098 0.52549020
v -59.74113464 99.86985016 497.25708008 0.04705882 0.02745098 0.52549020
v -65.71070099 8.73492241 540.26403809 0.20000000 0.01568627 0.59215686
v 8.15444565 -22.23991776 499.79544067 0.04705882 0.02745098 0.52549020
v -23.30960846 14.00658607 558.70214844 0.04705882 0.02745098 0.52549020
v -52.95136261 9.89711952 548.87670898 0.06274510 0.02745098 0.52941176
v -35.75249481 71.89144897 447.39788818 0.43921569 0.00000000 0.65882353
v 45.05491638 97.73929596 492.67675781 0.04705882 0.02745098 0.52549020
v 27.40029716 88.08737183 475.26779175 0.04705882 0.02745098 0.52549020
v -54.40290833 102.48159790 510.73352051 0.04705882 0.02745098 0.52549020
v 0.92411423 109.65280914 512.00671387 0.04705882 0.02745098 0.52549020
v 1.83308315 108.31188202 513.84069824 0.04705882 0.02745098 0.52549020
v 26.19898415 96.81168365 521.39947510 0.04705882 0.02745098 0.52549020
v -0.15022659 101.54411316 498.66168213 0.04705882 0.02745098 0.52549020
v 13.11496735 82.86996460 466.27627563 0.04705882 0.02745098 0.52549020
v 14.55838013 67.68900299 441.13406372 0.10588235 0.02352941 0.54901961
v 49.53160858 55.84254456 461.80157471 0.08235294 0.02352941 0.54117647
v 39.69797516 -11.41934967 516.99578857 0.04705882 0.02745098 0.52549020
v 28.08921242 38.76901245 431.73968506 0.17647059 0.01568627 0.58039216
v -13.96159744 83.93859863 467.53707886 0.13725490 0.01960784 0.56470588
v -20.79079056 100.04856873 497.30297852 0.04705882 0.02745098 0.52549020
v 10.49793816 52.96224976 424.18774414 0.10588235 0.02352941 0.54901961
v 44.70095062 31.71287727 435.84735107 0.12156863 0.01960784 0.55686275
v -6.86142349 -16.36902618 508.25753784 0.04705882 0.02745098 0.52549020
v -53.28200531 12.82403564 556.07226562 0.04705882 0.02745098 0.52549020
v -48.32240295 68.33958435 442.27572632 0.25098039 0.01176471 0.61176471
v -60.11704254 -23.45529175 477.67172241 0.33725490 0.00392157 0.63921569
v -65.97609711 37.05586624 501.47784424 0.04705882 0.02745098 0.52549020
v 48.49447632 35.09838104 491.61608887 0.04705882 0.02745098 0.52549020
v 47.41754150 42.52143478 510.36877441 0.04705882 0.02745098 0.52549020
v 45.42499542 57.39628220 538.89306641 0.04705882 0.02745098 0.52549020
v 9.75024223 74.69001770 533.16333008 0.04705882 0.02745098 0.52549020
v -43.20769501 104.06137085 509.47882080 0.04705882 0.02745098 0.52549020
v -40.81410217 87.93907166 474.41867065 0.45098039 0.00000000 0.65882353
v 36.32965851 63.28608322 542.60266113 0.04705882 0.02745098 0.52549020
v -49.99200439 101.72834778 500.84539795 0.04705882 0.02745098 0.52549020
v 49.89104462 25.57142639 471.32995605 0.04705882 0.02745098 0.52549020
v -33.04119110 17.50030708 560.73455811 0.04705882 0.02745098 0.52549020
v 17.75390434 -17.04825974 508.92755127 0.04705882 0.02745098 0.52549020
v 38.68899536 83.41409302 467.62664795 0.04705882 0.02745098 0.52549020
v -56.52790833 71.28926086 448.68051147 0.54509804 0.03529412 0.64313725
v -43.55216217 50.43416214 421.15121460 0.04705882 0.02745098 0.52549020
v 46.40786743 3.43366623 455.66122437 0.04705882 0.02745098 0.52549020
v 19.23737717 18.07996941 442.35473633 0.04705882 0.02745098 0.52549020
v 46.39489746 35.31133270 522.33984375 0.04705882 0.02745098 0.52549020
v -63.63143921 92.84386444 497.48437500 0.04705882 0.02745098 0.52549020
v -61.79053497 98.34893799 513.10296631 0.04705882 0.02745098 0.52549020
v -7.39917946 109.52919769 508.69256592 0.04705882 0.02745098 0.52549020
v -65.58532715 43.86694717 533.57391357 0.08235294 0.02352941 0.54117647
v 12.76707077 -32.56182098 472.81079102 0.04705882 0.02745098 0.52549020
v 48.04996490 14.30614281 508.80548096 0.06274510 0.02745098 0.52941176
v -7.40361786 15.95757294 440.79885864 0.04705882 0.02745098 0.52549020
v -59.13812256 54.01185608 444.28900146 0.07450980 0.02352941 0.53725490
v 47.99648285 8.54393005 504.90704346 0.04705882 0.02745098 0.52549020
v 49.57743835 -8.64349747 472.80017090 0.04705882 0.02745098 0.52549020
v 46.75644684 17.71136475 525.97894287 0.04705882 0.02745098 0.52549020
v 43.40201569 15.87524223 561.97601318 0.04705882 0.02745098 0.52549020
v -59.66779327 33.80718994 437.96063232 0.04705882 0.02745098 0.52549020
v -33.50817871 60.25408173 537.90563965 0.04705882 0.02745098 0.52549020
v -3.29074383 36.78462982 554.28100586 0.04705882 0.02745098 0.52549020
v -65.99122620 74.22110748 522.23382568 0.04705882 0.02745098 0.52549020
v 44.28834534 17.95384979 565.27752686 0.04705882 0.02745098 0.52549020
v -60.55715942 36.33403015 446.06036377 0.04705882 0.02745098 0.52549020
v -60.51412201 38.79492950 452.49035645 0.04705882 0.02745098 0.52549020
v 39.76517487 21.08595657 565.87310791 0.04705882 0.02745098 0.52549020
v 7.13577271 87.81945038 475.34735107 0.04705882 0.02745098 0.52549020
v -53.58531189 89.94902039 479.34930420 0.21176471 0.01568627 0.59607843
v 30.72596550 58.91629791 428.20831299 0.94117647 0.50588235 0.30196078
v 7.33117962 -3.48617554 530.75708008 0.04705882 0.02745098 0.52549020
v -3.51210785 68.42092133 443.65374756 0.04705882 0.02745098 0.52549020
v -66.17938995 17.07236862 515.58837891 0.07450980 0.02352941 0.53725490
v 49.65089417 29.53683853 456.30108643 0.04705882 0.02745098 0.52549020
v -22.82947350 90.19029999 478.33679199 0.12941176 0.01960784 0.56078431
v -20.04461288 92.50134277 482.78475952 0.07450980 0.02352941 0.53725490
v -60.61207581 83.69654846 470.57354736 0.34117647 0.00392157 0.64313725
v -66.37731171 66.99098969 502.02709961 0.04705882 0.02745098 0.52549020
v -62.96840668 27.84458160 472.05511475 0.06274510 0.02745098 0.52941176
v 37.01879883 -24.84689713 494.60925293 0.04705882 0.02745098 0.52549020
v 18.74398994 13.69611168 557.62481689 0.04705882 0.02745098 0.52549020
v 30.10009956 -5.69665527 528.37561035 0.04705882 0.02745098 0.52549020
v 17.59355545 18.40296555 562.85583496 0.04705882 0.02745098 0.52549020
v -24.70697403 98.50312805 492.09115601 0.04705882 0.02745098 0.52549020
v 0.20830727 9.48397255 550.76824951 0.04705882 0.02745098 0.52549020
v -3.82149029 9.55964470 551.30279541 0.04705882 0.02745098 0.52549020
v -26.54424667 23.65482330 559.23950195 0.04705882 0.02745098 0.52549020
v -4.73857927 11.64563560 552.54443359 0.04705882 0.02745098 0.52549020
v 9.15499496 -18.47076035 506.02166748 0.04705882 0.02745098 0.52549020
v 8.80161095 -32.25396729 470.93124390 0.04705882 0.02745098 0.52549020
v -35.58366394 -10.37352753 455.19967651 0.04705882 0.02745098 0.52549020
v 15.34603310 -27.17576599 489.12414551 0.04705882 0.02745098 0.52549020
v 2.32688427 -1.33840561 536.14733887 0.04705882 0.02745098 0.52549020
v -40.64671326 -8.12524796 523.54211426 0.06274510 0.02745098 0.52941176
v 23.57198715 106.73039246 506.66256714 0.04705882 0.02745098 0.52549020
v -64.10368347 10.98757172 507.83328247 0.10588235 0.02352941 0.54901961
v -16.43878937 -23.91070557 492.53787231 0.04705882 0.02745098 0.52549020
v -68.29937744 31.72042465 547.60699463 0.18431373 0.01568627 0.58431373
v -27.57035828 5.14039803 546.38439941 0.04705882 0.02745098 0.52549020
v -26.88608742 -27.12189484 464.60098267 0.04705882 0.02745098 0.52549020
v -42.49771881 90.06361389 478.66928101 0.26666667 0.01176471 0.61960784
v -63.38247681 -10.35480118 495.27267456 0.38039216 0.00000000 0.65098039
v -51.17549896 8.86643219 549.66955566 0.06274510 0.02745098 0.52941176
v -53.66389465 5.33057785 543.19659424 0.07450980 0.02352941 0.53725490
v -46.90903473 -34.66864777 468.01202393 0.07450980 0.02352941 0.53725490
v -44.14418030 -6.85757828 525.11810303 0.07450980 0.02352941 0.53725490
v -53.61463928 4.42720604 540.64642334 0.08235294 0.02352941 0.54117647
v -66.25366974 11.43806076 532.94256592 0.17647059 0.01568627 0.58039216
v -44.35041809 -12.90988922 514.49749756 0.10588235 0.02352941 0.54901961
v -54.95111084 -27.68333435 464.93890381 0.13725490 0.01960784 0.56470588
v -64.56089020 18.54811096 543.49224854 0.09411765 0.02352941 0.54509804
v -63.02323914 -4.11725235 509.80886841 0.49411765 0.01176471 0.65490196
v -46.60894012 -5.74156952 527.28955078 0.07450980 0.02352941 0.53725490
v -65.09949493 13.04649734 548.15905762 0.12156863 0.01960784 0.55686275
v 36.11253357 -3.80113602 532.07604980 0.04705882 0.02745098 0.52549020
v 37.35282898 -10.08362579 519.26159668 0.04705882 0.02745098 0.52549020
v 49.51915741 -5.95627594 485.75088501 0.04705882 0.02745098 0.52549020
v 41.81695557 89.96863556 527.88574219 0.04705882 0.02745098 0.52549020
v -29.82769585 -22.42978668 489.86669922 0.04705882 0.02745098 0.52549020
v -46.12089539 -27.44006348 483.64093018 0.07450980 0.02352941 0.53725490
v -44.13918304 -14.81989670 512.52142334 0.11372549 0.02352941 0.55294118
v -13.71399117 67.37925720 439.37557983 0.06274510 0.02745098 0.52941176
v 44.56151581 56.87461472 425.85034180 0.85098039 0.34901961 0.41176471
v 32.83427429 68.34808350 442.62359619 0.36862745 0.00000000 0.64705882
v 46.40472412 84.04212189 501.52291870 0.04705882 0.02745098 0.52549020
v 30.02311897 84.67501068 470.36712646 0.04705882 0.02745098 0.52549020
v 23.61779785 -33.04701233 473.27709961 0.04705882 0.02745098 0.52549020
v -25.34110451 -31.36988068 476.18356323 0.04705882 0.02745098 0.52549020
v -5.73909760 96.20195007 488.08865356 0.04705882 0.02745098 0.52549020
v -23.58979034 85.11825562 468.33071899 0.34901961 0.00392157 0.64313725
v -65.04170227 16.66828156 559.84967041 0.07450980 0.02352941 0.53725490
v -45.46802521 -33.96301270 472.67828369 0.06274510 0.02745098 0.52941176
v 44.43344879 76.29010773 455.61968994 0.12156863 0.01960784 0.55686275
v 3.38411236 -20.09300995 501.75170898 0.04705882 0.02745098 0.52549020
v -55.68482971 -10.96566772 515.14007568 0.34117647 0.00392157 0.64313725
v 41.77530670 43.92145157 429.89764404 0.56470588 0.05490196 0.63921569
v 16.06518936 57.16175079 428.89767456 0.19215686 0.01568627 0.58823529
v -8.75948715 102.94161987 501.56704712 0.04705882 0.02745098 0.52549020
v 5.67274952 70.55738068 445.63064575 0.04705882 0.02745098 0.52549020
v -41.03178406 11.73952866 553.82116699 0.04705882 0.02745098 0.52549020
v -18.83867645 -3.18797302 532.20361328 0.04705882 0.02745098 0.52549020
v -29.60105705 89.44808960 477.31219482 0.21960784 0.01568627 0.60000000
v 39.23197937 70.37510681 539.38134766 0.04705882 0.02745098 0.52549020
v 10.72924614 82.28417969 528.97253418 0.04705882 0.02745098 0.52549020
v 24.04976082 101.45708466 499.03414917 0.04705882 0.02745098 0.52549020
v -49.84889221 71.82605743 448.22970581 0.54509804 0.03529412 0.64313725
v -5.13785267 3.45073700 542.64978027 0.04705882 0.02745098 0.52549020
v -4.42622185 104.26902008 503.08096313 0.04705882 0.02745098 0.52549020
v -8.01922321 42.03135681 426.22088623 0.04705882 0.02745098 0.52549020
v 49.51020050 18.09536934 474.96255493 0.04705882 0.02745098 0.52549020
v -43.46675110 69.47813416 444.79315186 0.33725490 0.00392157 0.63921569
v -54.18640137 97.62178040 492.91412354 0.06274510 0.02745098 0.52941176
v 40.10304260 57.05566406 547.79998779 0.04705882 0.02745098 0.52549020
v -56.57080841 -30.62381744 480.36959839 0.19215686 0.01568627 0.58823529
v 49.61884308 52.18563843 454.92236328 0.13725490 0.01960784 0.56470588
v -40.62518311 46.72355652 422.92852783 0.04705882 0.02745098 0.52549020
v -62.54661560 74.77478027 468.38565063 0.29803922 0.00784314 0.63137255
v 7.54341221 17.95505524 440.69561768 0.04705882 0.02745098 0.52549020
v 27.60470772 8.52567863 448.90447998 0.04705882 0.02745098 0.52549020
v -50.82511902 87.22616577 520.23828125 0.04705882 0.02745098 0.52549020
v 22.24256134 50.05620956 548.88610840 0.04705882 0.02745098 0.52549020
v -64.62648773 87.71090698 499.64163208 0.04705882 0.02745098 0.52549020
v -61.58619690 71.15215302 456.14022827 0.52156863 0.02352941 0.65098039
v 48.75881958 17.62775803 496.82617188 0.04705882 0.02745098 0.52549020
v -3.61285400 -33.33722687 471.52017212 0.04705882 0.02745098 0.52549020
v -57.86746979 -27.53037262 483.81692505 0.20000000 0.01568627 0.59215686
v 32.72704315 61.68896484 432.39730835 0.98431373 0.63529412 0.21960784
v 24.13911247 8.76566315 551.57861328 0.04705882 0.02745098 0.52549020
v -2.16625118 -18.20838547 505.44891357 0.04705882 0.02745098 0.52549020
v -0.63849545 -0.63091660 536.49682617 0.04705882 0.02745098 0.52549020
v 8.89645767 -27.57888412 489.24935913 0.04705882 0.02745098 0.52549020
v 23.14750481 82.83545685 468.73461914 0.04705882 0.02745098 0.52549020
v -59.26434326 90.85848999 478.84875488 0.16078431 0.01960784 0.57647059
v -29.87386322 51.13609695 421.32812500 0.04705882 0.02745098 0.52549020
v 44.50769043 23.57447243 560.18151855 0.04705882 0.02745098 0.52549020
v -60.08036041 48.07439423 445.26016235 0.04705882 0.02745098 0.52549020
v 45.92948151 19.91943550 541.47845459 0.04705882 0.02745098 0.52549020
v -61.50292206 50.50506210 457.14462280 0.06274510 0.02745098 0.52941176
v 45.14466858 27.08762169 556.03234863 0.04705882 0.02745098 0.52549020
v 32.36759949 107.16220093 507.85256958 0.04705882 0.02745098 0.52549020
v -23.71517181 -30.38078308 481.45220947 0.04705882 0.02745098 0.52549020
v -56.69733429 87.53848267 474.46881104 0.33725490 0.00392157 0.63921569
v 48.54115295 -18.31470490 501.96209717 0.10588235 0.02352941 0.54901961
v 33.85706329 16.25287437 562.90722656 0.04705882 0.02745098 0.52549020
v -62.84218597 41.34986115 471.64627075 0.04705882 0.02745098 0.52549020
v 42.32661438 0.52409363 538.69506836 0.04705882 0.02745098 0.52549020
v 49.15850830 -18.79230499 497.23626709 0.11372549 0.02352941 0.55294118
v 28.82544518 19.45165253 563.95562744 0.04705882 0.02745098 0.52549020
v 34.97877502 -23.08943939 468.08895874 0.04705882 0.02745098 0.52549020
v -65.24831390 52.74407196 490.70040894 0.04705882 0.02745098 0.52549020
v 44.31862640 -1.85128021 533.83288574 0.04705882 0.02745098 0.52549020
v 46.61661530 -11.63811493 514.39965820 0.06274510 0.02745098 0.52941176
v -52.47230530 20.81401253 437.23001099 0.04705882 0.02745098 0.52549020
v -38.49781799 17.61551094 561.32012939 0.04705882 0.02745098 0.52549020
v -33.53267670 106.23398590 506.07827759 0.04705882 0.02745098 0.52549020
v 48.68864441 71.18881226 460.49005127 0.09411765 0.02352941 0.54509804
v 45.63910675 68.35347748 442.11547852 0.69411765 0.16862745 0.56078431
v -40.31273651 72.04600525 448.53356934 0.53725490 0.03137255 0.64705882
v 34.54492188 105.71331024 505.33721924 0.04705882 0.02745098 0.52549020
v -21.96496964 5.00706482 547.02233887 0.04705882 0.02745098 0.52549020
v 13.03336716 8.74940109 551.95458984 0.04705882 0.02745098 0.52549020
v -18.79215622 -8.51715851 454.10665894 0.04705882 0.02745098 0.52549020
v -65.38647461 47.98736572 531.93182373 0.07450980 0.02352941 0.53725490
v 19.77041435 -30.92622375 470.50869751 0.04705882 0.02745098 0.52549020
v -62.77667999 35.97621536 490.13732910 0.04705882 0.02745098 0.52549020
v 16.79230499 4.40792084 545.33874512 0.04705882 0.02745098 0.52549020
v 28.22880363 -28.69934845 486.61437988 0.04705882 0.02745098 0.52549020
v -65.01469421 46.65282059 527.43420410 0.06274510 0.02745098 0.52941176
v 8.44260025 -23.27455139 465.24035645 0.04705882 0.02745098 0.52549020
v 7.72714520 17.49676704 565.85296631 0.04705882 0.02745098 0.52549020
v -46.02098846 59.40349960 428.03033447 0.06274510 0.02745098 0.52941176
v -59.21982574 11.37342453 465.84121704 0.06274510 0.02745098 0.52941176
v 12.01639366 -16.56646729 461.92498779 0.04705882 0.02745098 0.52549020
v 42.78247833 24.81298065 566.61401367 0.04705882 0.02745098 0.52549020
v 47.78404236 83.84569550 476.20083618 0.04705882 0.02745098 0.52549020
v 39.75991821 97.71901703 494.28036499 0.04705882 0.02745098 0.52549020
v -22.31877708 20.43673897 560.03271484 0.04705882 0.02745098 0.52549020
v -7.83276558 -2.33469772 532.94409180 0.04705882 0.02745098 0.52549020
v -61.37434387 7.20027733 479.92541504 0.07450980 0.02352941 0.53725490
v -27.65374565 19.02086449 560.28533936 0.04705882 0.02745098 0.52549020
v -4.66580868 -10.10149002 519.71514893 0.04705882 0.02745098 0.52549020
v 3.11624813 -29.12505341 481.73703003 0.04705882 0.02745098 0.52549020
v -61.17601776 6.20661545 473.31127930 0.08235294 0.02352941 0.54117647
v -46.41490173 32.16430664 553.10180664 0.04705882 0.02745098 0.52549020
v -36.37452698 -2.62612534 531.43212891 0.04705882 0.02745098 0.52549020
v -28.44029999 -34.53733826 470.37808228 0.04705882 0.02745098 0.52549020
v -32.72087097 -28.20859528 465.44430542 0.04705882 0.02745098 0.52549020
v -66.49243927 27.86493683 551.73889160 0.15294118 0.01960784 0.57254902
v -68.28016663 28.87533379 548.58386230 0.16078431 0.01960784 0.57647059
v -57.74754333 21.01181412 557.60369873 0.06274510 0.02745098 0.52941176
v -41.73264313 16.53128815 562.77465820 0.04705882 0.02745098 0.52549020
v -25.97480011 -32.36900330 467.61639404 0.04705882 0.02745098 0.52549020
v -58.73380280 -14.91857147 466.02484131 0.16862745 0.01960784 0.58039216
v -37.51048279 -1.58764648 534.23431396 0.04705882 0.02745098 0.52549020
v -44.06578064 -18.77132416 502.26779175 0.10588235 0.02352941 0.54901961
v 33.72158813 98.73095703 494.56481934 0.04705882 0.02745098 0.52549020
v 36.19824982 107.94004059 515.70129395 0.04705882 0.02745098 0.52549020
v 47.72483063 103.45309448 517.79949951 0.04705882 0.02745098 0.52549020
v 45.64221954 98.29134369 507.38214111 0.04705882 0.02745098 0.52549020
v -7.77397871 97.58725739 489.62451172 0.04705882 0.02745098 0.52549020
v -18.92644882 -10.40227127 520.34631348 0.04705882 0.02745098 0.52549020
v 45.11035156 43.41123962 548.48132324 0.04705882 0.02745098 0.52549020
v -55.63797760 2.78177261 539.99060059 0.10588235 0.02352941 0.54901961
v -60.09644318 -21.28819656 480.30462646 0.27843137 0.00784314 0.62352941
v -62.90722656 -10.67638779 501.82290649 0.62745098 0.10588235 0.60784314
v -52.11978912 -33.83587646 467.44302368 0.10588235 0.02352941 0.54901961
v -61.79975128 -13.39055634 507.12539673 0.78431373 0.26666667 0.47843137
v -59.24066925 -8.55572891 517.40588379 0.39607843 0.00000000 0.65490196
v -59.61983490 3.09642029 454.31838989 0.07450980 0.02352941 0.53725490
v -16.97882080 95.25296021 485.89816284 0.06274510 0.02745098 0.52941176
v 16.46611595 -12.79804611 516.15405273 0.04705882 0.02745098 0.52549020
v -51.81894684 51.88792419 419.86514282 0.04705882 0.02745098 0.52549020
v 28.55463219 -9.50369263 522.23382568 0.04705882 0.02745098 0.52549020
v -54.31739044 -18.16267014 500.22952271 0.29019608 0.00784314 0.62745098
v -12.29587364 89.85025787 478.60260010 0.06274510 0.02745098 0.52941176
v 8.62468719 55.89441681 425.47717285 0.09411765 0.02352941 0.54509804
v 48.44114685 35.69454956 436.59420776 0.17647059 0.01568627 0.58039216
v 48.65766144 55.99483490 481.86529541 0.04705882 0.02745098 0.52549020
v 49.54724121 46.72270584 467.53140259 0.04705882 0.02745098 0.52549020
v 15.42665291 93.14544678 521.89996338 0.04705882 0.02745098 0.52549020
v 42.66419983 50.76206589 426.77273560 0.99215686 0.70196078 0.18039216
v 17.63869095 76.06468201 454.33877563 0.06274510 0.02745098 0.52941176
v 33.26351929 92.37996674 523.67553711 0.04705882 0.02745098 0.52549020
v 46.02608490 78.23313141 504.47061157 0.04705882 0.02745098 0.52549020
v 35.98757935 54.98673248 425.05630493 0.99215686 0.69803922 0.18431373
v 18.24885559 101.65143585 518.04730225 0.04705882 0.02745098 0.52549020
v 46.95874023 45.92598343 427.34698486 0.74117647 0.21568627 0.51764706
v 42.79191589 108.04470062 509.01568604 0.04705882 0.02745098 0.52549020
v 42.86509705 -20.56506729 501.11685181 0.07450980 0.02352941 0.53725490
v -48.24470520 9.80465317 550.41125488 0.04705882 0.02745098 0.52549020
v -12.55659485 52.52500534 422.78152466 0.04705882 0.02745098 0.52549020
v -0.26836491 86.69444275 525.69915771 0.04705882 0.02745098 0.52549020
v -9.55655289 47.19220734 424.22412109 0.04705882 0.02745098 0.52549020
v 16.45843697 33.62786484 433.37173462 0.06274510 0.02745098 0.52941176
v -50.81819916 95.40979004 488.04571533 0.08235294 0.02352941 0.54117647
v 4.81748390 0.68986511 538.11645508 0.04705882 0.02745098 0.52549020
v -48.38740540 -11.26954651 516.90441895 0.14509804 0.01960784 0.56862745
v 46.05040741 108.58966064 510.51446533 0.04705882 0.02745098 0.52549020
v 22.44805908 31.13446045 435.07974243 0.06274510 0.02745098 0.52941176
v 10.44926262 96.22366333 520.16137695 0.04705882 0.02745098 0.52549020
v -27.23413849 83.93473816 466.92874146 0.54509804 0.03529412 0.64313725
v -41.19930267 58.84965515 427.38861084 0.04705882 0.02745098 0.52549020
v -56.79261017 84.31101990 469.59100342 0.53333333 0.02745098 0.64705882
v 47.74205017 33.42870712 509.70675659 0.04705882 0.02745098 0.52549020
f 1786 1632 1921
f 1921 1887 1786
f 1623 1786 1887
f 1921 1632 1740
f 1921 1740 1569
f 1921 1759 1887
f 1921 1717 1759
f 1569 1717 1921
f 1632 1786 1813
f 1786 1623 1923
f 1632 1895 1740
f 1623 1887 1759
f 1788 1895 1632
f 1813 1786 1923
f 1923 1623 1844
f 1717 1569 1758
f 1760 1759 1717
f 1760 1717 1953
f 1953 1717 1717
f 1740 1895 1894
f 1759 1811 1623
f 1740 1894 1569
f 1894 1758 1569
f 1717 1758 1717
f 1868 1717 1758
f 1788 1846 1895
f 1813 1788 1632
f 1811 1759 1760
f 1871 1895 1846
f 1894 1895 1871
f 1788 1813 1762
f 1813 1923 1762
f 1844 1972 1923
f 1844 1623 1760
f 1623 1811 1760
f 1813 1758 1894
f 1760 1953 1684
f 1953 1717 1892
f 1717 1868 1720
f 1720 1655 1717
f 1655 1892 1717
f 1788 1677 1846
f 1762 1923 1972
f 1811 1739 1760
f 1953 1892 1795
f 1894 1871 1657
f 1739 1811 1935
f 1811 1760 1684
f 1684 1953 1795
f 1868 1758 1868
f 1893 1655 1720
f 1762 1636 1788
f 1677 1788 1636
f 1871 1846 1636
f 1813 1894 1657
f 1813 1868 1758
f 1868 1720 1868
f 1636 1762 1763
f 1677 1636 1846
f 1935 1811 1615
f 1615 1811 1684
f 1868 1813 1589
f 1893 1720 1893
f 1844 1760 1587
f 1866 1587 1760
f 1866 1760 1739
f 1795 1861 1684
f 1655 1945 1892
f 1813 1657 1610
f 1972 1844 1587
f 1739 1935 1866
f 1675 1720 1868
f 1770 1945 1655
f 1893 1770 1655
f 1720 1675 1893
f 1893 1893 1587
f 1677 1636 1589
f 1636 1677 1589
f 1871 1677 1657
f 1610 1657 1677
f 1813 1610 1589
f 1762 1972 1569
f 1628 1935 1615
f 1861 1615 1684
f 1868 1589 1675
f 1795 1892 1945
f 1893 1675 1655
f 1893 1587 1770
f 1589 1636 1721
f 1569 1972 1606
f 1587 1606 1972
f 1969 1628 1615
f 1615 1861 1969
f 1945 1861 1795
f 1675 1868 1655
f 1892 1655 1607
f 1587 1893 1655
f 1587 1655 1892
f 1636 1677 1871
f 1610 1677 1789
f 1763 1762 1785
f 1569 1785 1762
f 1935 1842 1866
f 1675 1589 1677
f 1945 1770 1584
f 1749 1770 1587
f 1892 1629 1587
f 1892 1607 1922
f 1848 1721 1636
f 1848 1636 1891
f 1763 1891 1636
f 1677 1636 1589
f 1866 1606 1587
f 1935 1628 1758
f 1797 1628 1969
f 1945 1918 1861
f 1969 1861 1918
f 1675 1677 1868
f 1655 1868 1607
f 1610 1677 1589
f 1842 1935 1758
f 1770 1749 1604
f 1629 1749 1587
f 1868 1948 1607
f 1922 1607 1948
f 1776 1629 1892
f 1895 1776 1892
f 1895 1892 1922
f 1848 1723 1721
f 1589 1721 1750
f 1589 1750 1591
f 1589 1591 1677
f 1610 1789 1677
f 1606 1866 1631
f 1604 1584 1770
f 1749 1629 1738
f 1939 1629 1776
f 1842 1631 1866
f 1969 1714 1797
f 1918 1714 1969
f 1945 1584 1783
f 1677 1894 1868
f 1738 1629 1821
f 1821 1629 1939
f 1895 1922 1696
f 1573 1721 1723
f 1750 1721 1875
f 1677 1591 1789
f 1677 1789 1610
f 1569 1606 1785
f 1758 1913 1842
f 1797 1758 1628
f 1918 1945 1783
f 1584 1604 1605
f 1894 1924 1868
f 1924 1948 1868
f 1606 1696 1922
f 1789 1763 1785
f 1573 1875 1721
f 1848 1750 1875
f 1591 1750 1658
f 1591 1591 1658
f 1591 1591 1789
f 1631 1842 1568
f 1677 1610 1894
f 1604 1749 1738
f 1866 1821 1939
f 1606 1922 1948
f 1775 1776 1895
f 1696 1775 1895
f 1593 1775 1696
f 1593 1696 1893
f 1891 1763 1898
f 1750 1848 1658
f 1635 1789 1591
f 1610 1789 1635
f 1842 1913 1734
f 1714 1918 1783
f 1783 1584 1840
f 1584 1605 1840
f 1894 1610 1924
f 1605 1604 1886
f 1866 1738 1821
f 1948 1846 1606
f 1606 1893 1696
f 1723 1848 1613
f 1848 1891 1898
f 1898 1763 1789
f 1638 1848 1875
f 1785 1606 1945
f 1606 1631 1945
f 1568 1842 1734
f 1714 1758 1797
f 1653 1714 1783
f 1653 1783 1840
f 1939 1776 1670
f 1939 1567 1866
f 1573 1768 1875
f 1768 1573 1662
f 1723 1662 1573
f 1789 1785 1947
f 1945 1631 1568
f 1734 1609 1568
f 1913 1758 1879
f 1879 1758 1854
f 1714 1854 1758
f 1741 1610 1635
f 1886 1604 1738
f 1869 1606 1846
f 1593 1629 1775
f 1593 1809 1629
f 1900 1768 1662
f 1875 1638 1875
f 1658 1848 1572
f 1785 1945 1787
f 1854 1714 1981
f 1981 1714 1653
f 1610 1761 1924
f 1924 1761 1948
f 1866 1567 1918
f 1776 1775 1670
f 1717 1606 1869
f 1606 1717 1893
f 1893 1809 1593
f 1768 1875 1875
f 1662 1723 1613
f 1848 1638 1572
f 1658 1572 1591
f 1945 1568 1919
f 1568 1609 1919
f 1734 1913 1920
f 1741 1699 1610
f 1761 1610 1699
f 1761 1846 1948
f 1846 1846 1948
f 1738 1866 1886
f 1886 1866 1736
f 1736 1866 1918
f 1939 1670 1567
f 1717 1869 1675
f 1613 1848 1723
f 1848 1898 1723
f 1768 1980 1875
f 1879 1920 1913
f 1567 1670 1918
f 1629 1809 1611
f 1717 1893 1893
f 1893 1738 1893
f 1893 1738 1809
f 1609 1809 1738
f 1837 1900 1662
f 1768 1900 1980
f 1723 1898 1700
f 1789 1789 1947
f 1635 1591 1572
f 1785 1787 1947
f 1787 1945 1972
f 1854 1981 1978
f 1714 1613 1886
f 1736 1714 1886
f 1670 1775 1674
f 1837 1980 1900
f 1789 1700 1898
f 1789 1947 1895
f 1662 1875 1980
f 1926 1635 1572
f 1609 1734 1918
f 1605 1886 1613
f 1653 1653 1840
f 1846 1761 1949
f 1775 1629 1841
f 1629 1917 1841
f 1917 1629 1611
f 1609 1611 1809
f 1609 1738 1835
f 1662 1638 1875
f 1662 1672 1837
f 1662 1613 1791
f 1700 1789 1789
f 1926 1572 1980
f 1926 1741 1635
f 1918 1919 1609
f 1879 1854 1978
f 1981 1653 1890
f 1890 1653 1653
f 1840 1605 1756
f 1761 1699 1949
f 1869 1846 1741
f 1736 1918 1714
f 1918 1670 1714
f 1674 1775 1841
f 1717 1869 1893
f 1738 1558 1835
f 1558 1738 1696
f 1837 1955 1980
f 1700 1977 1723
f 1662 1980 1638
f 1919 1972 1945
f 1787 1895 1947
f 1918 1734 1937
f 1920 1937 1734
f 1920 1879 1978
f 1605 1613 1756
f 1741 1659 1699
f 1741 1846 1846
f 1714 1670 1674
f 1656 1675 1869
f 1717 1675 1869
f 1738 1893 1696
f 1696 1893 1777
f 1638 1980 1572
f 1672 1662 1791
f 1955 1837 1746
f 1613 1723 1791
f 1977 1700 1636
f 1662 1954 1980
f 1919 1918 1839
f 1840 1756 1653
f 1926 1659 1741
f 1699 1659 1847
f 1949 1699 1948
f 1714 1918 1714
f 1591 1611 1609
f 1609 1835 1591
f 1835 1558 1793
f 1980 1954 1662
f 1972 1919 1893
f 1756 1613 1581
f 1659 1926 1904
f 1949 1949 1846
f 1846 1949 1741
f 1656 1869 1741
f 1714 1714 1961
f 1869 1777 1893
f 1591 1835 1690
f 1837 1672 1823
f 1636 1700 1789
f 1980 1701 1904
f 1980 1904 1926
f 1674 1755 1714
f 1714 1694 1613
f 1786 1587 1777
f 1696 1777 1587
f 1823 1770 1746
f 1791 1723 1722
f 1723 1977 1722
f 1980 1878 1954
f 1725 1980 1954
f 1895 1787 1569
f 1839 1893 1919
f 1839 1918 1652
f 1652 1918 1937
f 1890 1653 1891
f 1891 1653 1756
f 1847 1659 1611
f 1699 1847 1948
f 1949 1949 1948
f 1841 1581 1613
f 1613 1694 1841
f 1714 1961 1694
f 1591 1917 1611
f 1840 1917 1591
f 1793 1690 1835
f 1569 1777 1869
f 1558 1696 1783
f 1793 1558 1917
f 1823 1837 1823
f 1837 1823 1746
f 1791 1877 1672
f 1722 1927 1791
f 1977 1636 1765
f 1636 1789 1636
f 1955 1878 1980
f 1725 1701 1980
f 1981 1956 1978
f 1724 1956 1981
f 1724 1981 1890
f 1724 1890 1891
f 1950 1891 1756
f 1581 1950 1756
f 1659 1904 1906
f 1659 1906 1611
f 1656 1741 1677
f 1714 1755 1961
f 1841 1653 1674
f 1841 1917 1925
f 1675 1846 1869
f 1569 1786 1777
f 1783 1917 1558
f 1945 1783 1696
f 1622 1746 1770
f 1955 1746 1622
f 1823 1672 1877
f 1878 1832 1954
f 1725 1954 1832
f 1937 1864 1652
f 1937 1920 1649
f 1808 1920 1978
f 1950 1581 1781
f 1904 1701 1906
f 1875 1611 1658
f 1847 1611 1948
f 1948 1611 1875
f 1949 1948 1977
f 1656 1846 1675
f 1755 1674 1653
f 1961 1755 1814
f 1840 1925 1917
f 1846 1569 1869
f 1607 1587 1786
f 1587 1945 1696
f 1770 1823 1823
f 1977 1765 1722
f 1636 1636 1950
f 1636 1789 1870
f 1789 1895 1870
f 1725 1681 1701
f 1972 1717 1787
f 1839 1783 1893
f 1649 1864 1937
f 1920 1808 1649
f 1808 1978 1668
f 1611 1906 1701
f 1977 1948 1875
f 1925 1653 1841
f 1569 1846 1762
f 1913 1840 1591
f 1690 1793 1627
f 1569 1607 1786
f 1945 1580 1783
f 1640 1791 1927
f 1765 1636 1950
f 1870 1950 1636
f 1955 1622 1798
f 1593 1701 1681
f 1569 1787 1717
f 1717 1972 1893
f 1783 1839 1653
f 1839 1652 1653
f 1956 1668 1978
f 1891 1950 1815
f 1841 1781 1581
f 1906 1701 1593
f 1658 1611 1701
f 1677 1741 1740
f 1656 1677 1846
f 1742 1961 1814
f 1840 1913 1596
f 1591 1690 1913
f 1783 1580 1605
f 1567 1945 1587
f 1580 1945 1567
f 1676 1770 1823
f 1955 1798 1878
f 1798 1832 1878
f 1877 1791 1640
f 1765 1765 1722
f 1950 1765 1765
f 1870 1895 1657
f 1832 1968 1725
f 1893 1783 1672
f 1724 1891 1727
f 1891 1815 1727
f 1906 1593 1701
f 1902 1875 1572
f 1902 1977 1875
f 1902 1925 1977
f 1977 1925 1949
f 1741 1949 1977
f 1740 1741 1977
f 1846 1677 1740
f 1694 1961 1742
f 1755 1653 1814
f 1690 1679 1913
f 1679 1690 1627
f 1917 1627 1793
f 1917 1783 1605
f 1940 1567 1587
f 1567 1940 1695
f 1630 1567 1695
f 1630 1695 1575
f 1877 1911 1676
f 1877 1676 1823
f 1770 1834 1622
f 1930 1622 1834
f 1798 1622 1745
f 1927 1722 1765
f 1725 1968 1681
f 1657 1895 1569
f 1717 1893 1672
f 1757 1672 1783
f 1593 1661 1701
f 1925 1977 1949
f 1840 1596 1925
f 1607 1921 1587
f 1580 1567 1714
f 1803 1714 1567
f 1940 1575 1695
f 1630 1803 1567
f 1770 1676 1834
f 1622 1930 1745
f 1722 1765 1765
f 1765 1950 1870
f 1832 1615 1968
f 1642 1681 1954
f 1593 1681 1642
f 1783 1653 1757
f 1653 1652 1943
f 1652 1864 1627
f 1956 1724 1981
f 1661 1593 1942
f 1875 1658 1701
f 1977 1897 1740
f 1846 1740 1788
f 1842 1781 1841
f 1841 1694 1914
f 1914 1694 1742
f 1793 1605 1580
f 1877 1640 1901
f 1870 1765 1765
f 1870 1870 1950
f 1932 1968 1615
f 1657 1569 1675
f 1956 1782 1668
f 1724 1727 1981
f 1950 1781 1815
f 1875 1701 1751
f 1572 1875 1751
f 1572 1751 1902
f 1977 1925 1927
f 1612 1897 1977
f 1846 1788 1762
f 1914 1842 1841
f 1814 1653 1878
f 1585 1653 1925
f 1596 1585 1925
f 1569 1762 1654
f 1587 1785 1940
f 1575 1940 1843
f 1798 1615 1832
f 1714 1793 1580
f 1866 1803 1630
f 1575 1811 1630
f 1630 1811 1866
f 1927 1765 1640
f 1640 1765 1744
f 1744 1765 1818
f 1870 1818 1765
f 1657 1570 1870
f 1870 1870 1570
f 1681 1968 1954
f 1717 1675 1569
f 1757 1653 1943
f 1652 1627 1943
f 1627 1864 1800
f 1864 1649 1800
f 1808 1800 1649
f 1808 1668 1784
f 1782 1784 1668
f 1956 1981 1782
f 1942 1593 1642
f 1701 1661 1980
f 1927 1612 1977
f 1740 1897 1818
f 1740 1818 1788
f 1762 1788 1593
f 1607 1569 1654
f 1607 1654 1921
f 1917 1605 1627
f 1921 1785 1587
f 1843 1940 1785
f 1834 1973 1930
f 1932 1676 1911
f 1798 1745 1664
f 1968 1932 1954
f 1942 1681 1661
f 1681 1980 1661
f 1701 1980 1751
f 1925 1902 1927
f 1612 1818 1897
f 1788 1818 1593
f 1627 1605 1872
f 1843 1716 1575
f 1882 1834 1676
f 1676 1932 1882
f 1714 1803 1757
f 1811 1575 1716
f 1901 1911 1877
f 1901 1640 1638
f 1570 1818 1870
f 1615 1798 1664
f 1800 1782 1627
f 1800 1808 1784
f 1784 1782 1751
f 1981 1751 1782
f 1981 1727 1641
f 1815 1889 1727
f 1815 1781 1566
f 1751 1766 1902
f 1902 1766 1927
f 1762 1593 1788
f 1781 1842 1566
f 1585 1878 1653
f 1756 1679 1627
f 1921 1869 1785
f 1605 1793 1872
f 1882 1700 1973
f 1745 1930 1795
f 1664 1745 1795
f 1615 1728 1932
f 1657 1675 1895
f 1675 1717 1892
f 1717 1672 1892
f 1751 1981 1600
f 1835 1641 1727
f 1566 1889 1815
f 1980 1681 1819
f 1766 1751 1615
f 1612 1927 1820
f 1818 1719 1593
f 1654 1762 1788
f 1914 1742 1748
f 1742 1814 1878
f 1596 1735 1585
f 1913 1679 1779
f 1945 1779 1679
f 1756 1945 1679
f 1654 1869 1921
f 1872 1793 1586
f 1869 1758 1785
f 1785 1758 1843
f 1716 1843 1758
f 1872 1756 1627
f 1834 1882 1973
f 1793 1714 1586
f 1732 1586 1714
f 1732 1714 1757
f 1757 1803 1917
f 1803 1866 1917
f 1716 1758 1971
f 1810 1811 1971
f 1971 1811 1716
f 1866 1811 1810
f 1980 1901 1638
f 1818 1791 1744
f 1932 1728 1852
f 1932 1852 1954
f 1954 1852 1642
f 1672 1757 1695
f 1757 1943 1627
f 1670 1627 1782
f 1981 1641 1600
f 1889 1835 1727
f 1889 1566 1757
f 1639 1612 1820
f 1612 1639 1926
f 1612 1926 1818
f 1926 1658 1818
f 1658 1719 1818
f 1654 1788 1951
f 1801 1566 1842
f 1914 1826 1842
f 1748 1742 1884
f 1742 1878 1884
f 1878 1585 1735
f 1932 1911 1576
f 1911 1901 1642
f 1638 1640 1744
f 1791 1818 1872
f 1570 1872 1818
f 1570 1657 1846
f 1846 1657 1895
f 1664 1728 1615
f 1739 1675 1892
f 1892 1672 1695
f 1670 1943 1627
f 1820 1927 1766
f 1926 1639 1874
f 1593 1741 1788
f 1818 1788 1741
f 1654 1951 1974
f 1826 1914 1748
f 1735 1596 1779
f 1913 1779 1596
f 1707 1758 1869
f 1700 1882 1644
f 1644 1882 1932
f 1930 1973 1795
f 1980 1615 1751
f 1974 1869 1654
f 1581 1866 1810
f 1917 1866 1581
f 1716 1758 1707
f 1971 1758 1716
f 1971 1716 1588
f 1810 1971 1588
f 1664 1795 1881
f 1642 1901 1980
f 1846 1872 1570
f 1728 1664 1881
f 1627 1605 1757
f 1784 1958 1800
f 1958 1784 1838
f 1600 1641 1901
f 1838 1835 1889
f 1757 1566 1801
f 1681 1942 1819
f 1820 1766 1942
f 1593 1719 1734
f 1741 1593 1734
f 1788 1818 1951
f 1884 1878 1837
f 1566 1735 1779
f 1932 1576 1644
f 1797 1973 1700
f 1795 1973 1729
f 1980 1638 1639
f 1978 1791 1872
f 1852 1728 1618
f 1852 1685 1642
f 1895 1675 1739
f 1670 1864 1943
f 1782 1800 1958
f 1784 1751 1838
f 1641 1835 1838
f 1642 1769 1942
f 1819 1928 1980
f 1942 1766 1615
f 1835 1926 1874
f 1748 1884 1628
f 1756 1872 1701
f 1700 1644 1772
f 1707 1631 1716
f 1729 1973 1797
f 1881 1795 1854
f 1728 1881 1618
f 1576 1911 1642
f 1638 1744 1639
f 1852 1618 1685
f 1695 1757 1605
f 1864 1627 1943
f 1782 1958 1968
f 1901 1641 1838
f 1838 1889 1757
f 1642 1685 1769
f 1820 1662 1639
f 1835 1658 1926
f 1719 1658 1734
f 1818 1913 1951
f 1869 1974 1924
f 1707 1869 1895
f 1801 1842 1676
f 1842 1826 1676
f 1837 1628 1884
f 1735 1603 1878
f 1837 1878 1603
f 1945 1756 1701
f 1729 1854 1795
f 1618 1881 1826
f 1664 1642 1980
f 1791 1639 1744
f 1670 1782 1967
f 1968 1967 1782
f 1838 1751 1600
f 1980 1928 1615
f 1662 1820 1942
f 1639 1662 1874
f 1734 1658 1790
f 1869 1924 1895
f 1895 1657 1707
f 1707 1657 1631
f 1716 1631 1717
f 1588 1716 1717
f 1717 1696 1588
f 1581 1810 1696
f 1696 1810 1588
f 1732 1757 1656
f 1757 1917 1656
f 1797 1620 1729
f 1854 1826 1881
f 1639 1981 1980
f 1978 1723 1791
f 1846 1677 1872
f 1769 1728 1942
f 1942 1728 1819
f 1942 1615 1584
f 1662 1942 1584
f 1745 1835 1874
f 1951 1913 1974
f 1748 1628 1826
f 1945 1669 1779
f 1701 1872 1576
f 1704 1644 1576
f 1826 1617 1618
f 1685 1618 1617
f 1576 1642 1664
f 1664 1980 1574
f 1639 1791 1723
f 1677 1846 1924
f 1846 1895 1632
f 1978 1872 1677
f 1632 1895 1739
f 1892 1695 1971
f 1968 1958 1838
f 1838 1757 1837
f 1617 1930 1685
f 1819 1825 1928
f 1643 1584 1615
f 1874 1662 1819
f 1658 1835 1745
f 1790 1658 1745
f 1818 1734 1721
f 1741 1734 1818
f 1678 1974 1913
f 1628 1837 1971
f 1735 1566 1603
f 1670 1566 1779
f 1779 1669 1670
f 1669 1945 1701
f 1772 1934 1700
f 1797 1700 1934
f 1678 1924 1974
f 1922 1717 1631
f 1872 1586 1576
f 1620 1854 1729
f 1814 1826 1854
f 1980 1981 1574
f 1739 1892 1655
f 1914 1605 1627
f 1627 1864 1914
f 1864 1670 1715
f 1715 1670 1967
f 1838 1691 1968
f 1838 1600 1755
f 1600 1901 1755
f 1837 1901 1838
f 1837 1757 1801
f 1852 1728 1930
f 1930 1728 1685
f 1685 1728 1769
f 1615 1928 1643
f 1745 1874 1819
f 1734 1790 1721
f 1657 1895 1924
f 1635 1826 1628
f 1603 1971 1837
f 1934 1708 1797
f 1749 1620 1797
f 1577 1854 1620
f 1854 1577 1814
f 1824 1664 1574
f 1639 1723 1767
f 1655 1892 1971
f 1914 1864 1715
f 1967 1968 1749
f 1838 1755 1940
f 1755 1901 1867
f 1728 1825 1819
f 1825 1643 1928
f 1819 1662 1928
f 1790 1745 1894
f 1721 1964 1818
f 1913 1818 1964
f 1826 1635 1676
f 1971 1602 1628
f 1934 1772 1688
f 1772 1644 1688
f 1657 1922 1631
f 1581 1970 1917
f 1576 1586 1956
f 1586 1732 1976
f 1586 1976 1956
f 1732 1656 1976
f 1917 1970 1656
f 1708 1749 1797
f 1749 1749 1620
f 1577 1576 1814
f 1677 1699 1978
f 1632 1924 1846
f 1914 1715 1712
f 1967 1652 1715
f 1643 1822 1584
f 1674 1676 1743
f 1566 1670 1603
f 1620 1749 1577
f 1576 1577 1749
f 1617 1826 1930
f 1971 1695 1672
f 1695 1605 1672
f 1605 1914 1916
f 1715 1652 1712
f 1652 1967 1691
f 1749 1968 1691
f 1674 1837 1801
f 1852 1881 1728
f 1877 1584 1822
f 1662 1584 1928
f 1819 1894 1745
f 1790 1894 1721
f 1678 1590 1924
f 1924 1590 1789
f 1894 1924 1789
f 1657 1924 1894
f 1801 1676 1674
f 1676 1635 1743
f 1602 1971 1724
f 1635 1628 1602
f 1670 1669 1925
f 1894 1922 1657
f 1688 1644 1773
f 1773 1644 1704
f 1976 1656 1970
f 1828 1930 1826
f 1576 1664 1903
f 1824 1903 1664
f 1723 1978 1874
f 1656 1924 1632
f 1916 1807 1605
f 1916 1914 1712
f 1967 1749 1691
f 1691 1838 1940
f 1867 1901 1837
f 1881 1825 1728
f 1643 1825 1931
f 1924 1584 1877
f 1928 1584 1924
f 1819 1928 1924
f 1819 1901 1894
f 1964 1721 1723
f 1971 1603 1837
f 1603 1670 1925
f 1925 1669 1782
f 1696 1717 1971
f 1696 1715 1581
f 1701 1576 1670
f 1749 1749 1584
f 1576 1832 1814
f 1574 1981 1662
f 1981 1768 1662
f 1981 1639 1768
f 1656 1677 1924
f 1655 1632 1739
f 1672 1605 1807
f 1712 1652 1888
f 1940 1755 1592
f 1592 1755 1867
f 1827 1930 1828
f 1930 1827 1852
f 1894 1723 1721
f 1723 1906 1964
f 1964 1906 1913
f 1765 1913 1906
f 1765 1590 1913
f 1789 1590 1897
f 1755 1635 1602
f 1755 1602 1724
f 1837 1603 1593
f 1669 1701 1782
f 1922 1787 1717
f 1971 1717 1787
f 1934 1688 1598
f 1708 1934 1598
f 1931 1825 1881
f 1877 1822 1821
f 1913 1590 1678
f 1581 1715 1970
f 1814 1812 1826
f 1828 1826 1812
f 1768 1639 1767
f 1662 1824 1574
f 1767 1723 1874
f 1978 1699 1874
f 1699 1677 1737
f 1655 1971 1737
f 1672 1737 1971
f 1867 1837 1804
f 1752 1822 1643
f 1901 1820 1894
f 1724 1971 1837
f 1701 1670 1782
f 1708 1902 1749
f 1749 1862 1576
f 1812 1814 1832
f 1828 1812 1730
f 1903 1748 1576
f 1874 1699 1737
f 1737 1677 1656
f 1888 1652 1941
f 1691 1941 1652
f 1766 1691 1749
f 1691 1766 1749
f 1691 1940 1885
f 1837 1708 1804
f 1828 1730 1827
f 1852 1827 1881
f 1894 1789 1669
f 1925 1782 1838
f 1732 1708 1598
f 1598 1688 1713
f 1773 1713 1688
f 1931 1752 1643
f 1821 1822 1769
f 1819 1924 1901
f 1708 1732 1902
f 1749 1902 1578
f 1578 1584 1749
f 1832 1576 1862
f 1672 1807 1567
f 1916 1712 1888
f 1766 1691 1885
f 1674 1708 1837
f 1881 1881 1827
f 1927 1590 1765
f 1897 1590 1927
f 1743 1635 1583
f 1635 1755 1583
f 1593 1967 1837
f 1593 1603 1779
f 1603 1925 1779
f 1971 1787 1607
f 1576 1571 1670
f 1578 1902 1718
f 1704 1576 1748
f 1621 1749 1584
f 1862 1749 1621
f 1812 1799 1730
f 1656 1632 1813
f 1807 1916 1694
f 1712 1694 1916
f 1655 1737 1674
f 1916 1888 1712
f 1854 1885 1940
f 1867 1804 1834
f 1730 1881 1827
f 1897 1669 1789
f 1838 1779 1925
f 1715 1696 1631
f 1931 1881 1881
f 1769 1822 1752
f 1642 1877 1821
f 1877 1642 1924
f 1901 1924 1954
f 1820 1723 1894
f 1723 1926 1906
f 1906 1926 1765
f 1576 1956 1571
f 1585 1970 1715
f 1976 1633 1956
f 1970 1585 1976
f 1976 1585 1633
f 1862 1909 1832
f 1832 1749 1812
f 1812 1749 1799
f 1903 1824 1641
f 1748 1903 1595
f 1567 1807 1694
f 1632 1655 1813
f 1813 1655 1674
f 1567 1737 1672
f 1691 1624 1941
f 1766 1624 1691
f 1885 1854 1952
f 1854 1940 1592
f 1860 1881 1730
f 1752 1931 1747
f 1954 1924 1642
f 1897 1927 1978
f 1669 1897 1949
f 1837 1660 1724
f 1660 1837 1967
f 1779 1593 1593
f 1787 1922 1894
f 1696 1971 1631
f 1870 1578 1718
f 1748 1730 1704
f 1908 1832 1909
f 1824 1662 1641
f 1662 1768 1767
f 1874 1737 1764
f 1656 1923 1737
f 1656 1813 1946
f 1584 1712 1888
f 1941 1584 1888
f 1584 1941 1624
f 1766 1885 1952
f 1867 1757 1592
f 1867 1834 1757
f 1747 1931 1752
f 1821 1954 1642
f 1949 1897 1978
f 1583 1755 1648
f 1755 1724 1660
f 1660 1967 1805
f 1571 1755 1782
f 1782 1670 1571
f 1732 1622 1902
f 1598 1713 1622
f 1732 1598 1622
f 1881 1747 1931
f 1769 1752 1931
f 1901 1954 1681
f 1820 1901 1681
f 1723 1820 1926
f 1715 1807 1585
f 1633 1585 1807
f 1578 1870 1584
f 1773 1704 1730
f 1749 1832 1908
f 1558 1748 1595
f 1595 1903 1641
f 1767 1874 1764
f 1567 1672 1567
f 1674 1737 1892
f 1624 1766 1735
f 1730 1799 1860
f 1721 1765 1926
f 1894 1669 1763
f 1787 1894 1763
f 1674 1743 1916
f 1838 1887 1779
f 1838 1782 1755
f 1622 1887 1902
f 1718 1902 1887
f 1887 1941 1718
f 1870 1718 1941
f 1584 1815 1621
f 1621 1937 1862
f 1909 1862 1937
f 1800 1908 1909
f 1923 1656 1946
f 1567 1892 1737
f 1584 1888 1712
f 1779 1584 1624
f 1766 1952 1861
f 1834 1804 1882
f 1882 1757 1834
f 1749 1832 1799
f 1839 1881 1860
f 1820 1681 1725
f 1953 1765 1721
f 1765 1953 1927
f 1669 1949 1870
f 1916 1708 1674
f 1743 1583 1648
f 1755 1660 1805
f 1967 1593 1888
f 1593 1888 1593
f 1887 1838 1594
f 1838 1755 1594
f 1676 1631 1971
f 1956 1613 1571
f 1713 1773 1949
f 1769 1931 1684
f 1769 1663 1821
f 1613 1956 1633
f 1622 1713 1597
f 1815 1584 1870
f 1621 1815 1937
f 1749 1908 1596
f 1749 1596 1832
f 1767 1901 1662
f 1737 1923 1973
f 1674 1892 1759
f 1694 1712 1781
f 1712 1888 1781
f 1735 1671 1624
f 1735 1766 1861
f 1757 1854 1592
f 1804 1708 1777
f 1881 1839 1747
f 1931 1747 1839
f 1821 1663 1954
f 1916 1743 1648
f 1648 1755 1805
f 1805 1967 1888
f 1607 1787 1632
f 1695 1631 1676
f 1715 1631 1917
f 1730 1748 1558
f 1800 1909 1937
f 1764 1737 1977
f 1759 1892 1759
f 1694 1841 1567
f 1888 1584 1571
f 1775 1861 1952
f 1854 1775 1952
f 1757 1882 1564
f 1777 1882 1804
f 1708 1799 1832
f 1799 1708 1860
f 1860 1910 1839
f 1595 1931 1839
f 1663 1769 1684
f 1663 1557 1954
f 1823 1954 1557
f 1954 1954 1823
f 1954 1954 1681
f 1820 1801 1926
f 1926 1801 1721
f 1978 1927 1679
f 1669 1870 1763
f 1887 1593 1779
f 1971 1607 1676
f 1632 1787 1763
f 1730 1949 1773
f 1613 1633 1914
f 1887 1622 1689
f 1870 1941 1606
f 1597 1713 1949
f 1815 1870 1608
f 1709 1937 1815
f 1800 1952 1908
f 1596 1908 1952
f 1641 1662 1850
f 1901 1850 1662
f 1764 1901 1767
f 1973 1977 1737
f 1813 1674 1759
f 1892 1567 1841
f 1567 1567 1841
f 1841 1694 1943
f 1584 1779 1571
f 1779 1624 1671
f 1854 1757 1778
f 1564 1778 1757
f 1931 1595 1564
f 1663 1684 1859
f 1725 1681 1954
f 1801 1820 1725
f 1953 1721 1702
f 1927 1953 1679
f 1949 1978 1658
f 1870 1974 1763
f 1708 1916 1821
f 1695 1917 1631
f 1755 1571 1790
f 1807 1715 1917
f 1608 1870 1606
f 1730 1558 1795
f 1558 1595 1823
f 1946 1813 1947
f 1943 1694 1781
f 1735 1861 1670
f 1670 1861 1884
f 1884 1861 1775
f 1603 1775 1854
f 1778 1603 1854
f 1564 1882 1754
f 1777 1754 1882
f 1821 1777 1708
f 1595 1839 1910
f 1859 1684 1592
f 1663 1578 1557
f 1615 1725 1954
f 1801 1725 1615
f 1978 1679 1658
f 1805 1888 1623
f 1967 1571 1613
f 1923 1946 1589
f 1941 1887 1960
f 1937 1709 1778
f 1937 1901 1800
f 1595 1641 1823
f 1641 1850 1643
f 1901 1764 1638
f 1923 1760 1973
f 1947 1813 1759
f 1759 1892 1945
f 1892 1841 1945
f 1571 1781 1888
f 1571 1779 1941
f 1859 1578 1663
f 1801 1702 1721
f 1953 1702 1702
f 1679 1953 1702
f 1632 1763 1974
f 1634 1805 1623
f 1888 1593 1646
f 1622 1646 1593
f 1887 1594 1805
f 1607 1632 1676
f 1790 1571 1967
f 1807 1917 1669
f 1597 1949 1800
f 1730 1795 1949
f 1815 1608 1709
f 1778 1901 1937
f 1800 1901 1952
f 1952 1938 1596
f 1589 1946 1947
f 1841 1943 1714
f 1735 1603 1671
f 1821 1780 1777
f 1621 1596 1938
f 1596 1621 1832
f 1708 1883 1860
f 1910 1860 1883
f 1564 1592 1684
f 1658 1679 1977
f 1949 1658 1660
f 1950 1974 1870
f 1634 1648 1805
f 1622 1593 1887
f 1755 1805 1594
f 1622 1597 1689
f 1931 1564 1684
f 1904 1967 1613
f 1863 1807 1669
f 1633 1863 1914
f 1633 1807 1863
f 1613 1914 1904
f 1887 1689 1960
f 1606 1941 1960
f 1790 1608 1606
f 1643 1823 1641
f 1973 1764 1977
f 1759 1947 1759
f 1781 1571 1940
f 1941 1940 1571
f 1941 1779 1734
f 1671 1771 1779
f 1603 1771 1671
f 1754 1777 1780
f 1855 1708 1832
f 1799 1595 1910
f 1595 1576 1564
f 1557 1578 1643
f 1557 1643 1823
f 1615 1614 1801
f 1801 1614 1702
f 1767 1702 1702
f 1660 1658 1977
f 1949 1660 1950
f 1870 1949 1950
f 1916 1648 1564
f 1648 1634 1564
f 1623 1888 1646
f 1622 1887 1753
f 1676 1632 1739
f 1669 1917 1655
f 1689 1597 1602
f 1637 1606 1960
f 1558 1931 1795
f 1901 1638 1850
f 1945 1841 1714
f 1779 1778 1734
f 1779 1771 1778
f 1832 1621 1855
f 1883 1799 1910
f 1595 1799 1576
f 1592 1564 1576
f 1702 1614 1767
f 1753 1887 1805
f 1583 1755 1790
f 1695 1676 1655
f 1655 1917 1695
f 1863 1904 1914
f 1764 1674 1638
f 1960 1689 1800
f 1709 1608 1790
f 1778 1713 1901
f 1689 1901 1713
f 1952 1901 1689
f 1938 1952 1689
f 1770 1558 1823
f 1931 1558 1770
f 1947 1759 1971
f 1759 1945 1655
f 1781 1940 1915
f 1941 1734 1940
f 1754 1780 1667
f 1964 1775 1603
f 1598 1708 1855
f 1598 1883 1708
f 1592 1772 1859
f 1721 1954 1823
f 1821 1916 1778
f 1916 1564 1778
f 1805 1755 1583
f 1974 1739 1632
f 1790 1967 1731
f 1760 1923 1924
f 1924 1923 1589
f 1790 1606 1637
f 1602 1597 1774
f 1709 1815 1778
f 1713 1778 1815
f 1938 1938 1633
f 1938 1938 1621
f 1971 1759 1655
f 1655 1945 1784
f 1945 1714 1784
f 1780 1821 1910
f 1735 1845 1603
f 1735 1670 1845
f 1670 1884 1965
f 1775 1964 1582
f 1576 1798 1592
f 1743 1859 1772
f 1643 1578 1880
f 1721 1823 1643
f 1615 1721 1588
f 1614 1615 1588
f 1614 1794 1767
f 1679 1702 1952
f 1821 1778 1910
f 1634 1578 1564
f 1623 1646 1737
f 1655 1676 1843
f 1669 1655 1673
f 1583 1790 1805
f 1790 1731 1804
f 1859 1773 1578
f 1954 1721 1615
f 1839 1731 1904
f 1904 1731 1967
f 1915 1863 1669
f 1863 1915 1755
f 1904 1863 1755
f 1764 1973 1674
f 1637 1960 1800
f 1597 1800 1774
f 1815 1709 1790
f 1937 1689 1713
f 1938 1689 1633
f 1589 1947 1631
f 1784 1945 1655
f 1910 1667 1780
f 1775 1965 1884
f 1965 1775 1582
f 1964 1603 1753
f 1753 1603 1650
f 1603 1778 1650
f 1778 1564 1754
f 1883 1908 1799
f 1798 1772 1592
f 1743 1772 1799
f 1859 1743 1773
f 1721 1643 1795
f 1794 1900 1767
f 1767 1952 1702
f 1977 1679 1952
f 1950 1660 1817
f 1974 1950 1845
f 1634 1623 1737
f 1753 1646 1622
f 1753 1805 1843
f 1843 1676 1739
f 1805 1790 1804
f 1850 1638 1953
f 1674 1679 1638
f 1973 1760 1677
f 1760 1924 1677
f 1800 1689 1856
f 1637 1800 1939
f 1731 1790 1637
f 1800 1949 1619
f 1826 1619 1949
f 1795 1931 1704
f 1795 1826 1949
f 1793 1938 1633
f 1781 1915 1839
f 1778 1771 1966
f 1771 1603 1966
f 1845 1651 1603
f 1754 1648 1778
f 1908 1883 1598
f 1908 1645 1799
f 1799 1645 1576
f 1772 1798 1645
f 1799 1772 1645
f 1692 1614 1588
f 1614 1692 1794
f 1952 1767 1900
f 1660 1977 1952
f 1737 1578 1634
f 1788 1843 1805
f 1805 1583 1788
f 1773 1880 1578
f 1839 1904 1755
f 1953 1614 1850
f 1674 1973 1677
f 1704 1826 1795
f 1713 1815 1937
f 1937 1829 1689
f 1633 1689 1829
f 1931 1770 1685
f 1770 1823 1643
f 1643 1850 1574
f 1839 1943 1781
f 1734 1778 1671
f 1966 1603 1651
f 1845 1670 1651
f 1965 1651 1670
f 1650 1778 1648
f 1798 1576 1645
f 1743 1873 1773
f 1817 1660 1848
f 1974 1845 1739
f 1788 1583 1862
f 1843 1739 1568
f 1583 1805 1862
f 1669 1673 1807
f 1638 1679 1953
f 1924 1589 1631
f 1689 1602 1706
f 1856 1689 1706
f 1602 1774 1798
f 1790 1748 1815
f 1937 1815 1748
f 1633 1829 1793
f 1784 1714 1757
f 1943 1757 1714
f 1839 1627 1943
f 1940 1734 1671
f 1647 1582 1964
f 1753 1647 1964
f 1667 1910 1710
f 1938 1622 1621
f 1621 1622 1855
f 1855 1954 1598
f 1645 1961 1798
f 1588 1721 1663
f 1692 1588 1954
f 1655 1843 1629
f 1673 1655 1629
f 1771 1773 1873
f 1773 1771 1880
f 1574 1850 1614
f 1679 1674 1977
f 1977 1674 1677
f 1800 1856 1939
f 1731 1637 1939
f 1774 1800 1961
f 1961 1800 1619
f 1704 1931 1685
f 1770 1643 1903
f 1574 1903 1643
f 1971 1631 1947
f 1945 1784 1783
f 1943 1627 1757
f 1885 1778 1966
f 1966 1651 1932
f 1651 1845 1753
f 1845 1651 1753
f 1836 1667 1710
f 1938 1793 1622
f 1793 1855 1622
f 1954 1855 1793
f 1954 1908 1598
f 1645 1908 1774
f 1645 1798 1961
f 1743 1799 1873
f 1795 1663 1721
f 1588 1663 1770
f 1770 1954 1588
f 1900 1794 1692
f 1848 1660 1952
f 1817 1845 1950
f 1575 1737 1646
f 1602 1575 1646
f 1646 1753 1621
f 1789 1924 1631
f 1602 1798 1706
f 1790 1731 1600
f 1829 1937 1623
f 1783 1784 1757
f 1915 1940 1565
f 1671 1778 1711
f 1885 1711 1778
f 1667 1648 1754
f 1648 1667 1836
f 1774 1908 1954
f 1643 1773 1795
f 1952 1900 1639
f 1578 1737 1689
f 1737 1575 1689
f 1646 1621 1602
f 1753 1843 1700
f 1843 1788 1886
f 1910 1778 1710
f 1778 1564 1578
f 1804 1797 1805
f 1773 1880 1771
f 1773 1643 1880
f 1804 1731 1899
f 1899 1731 1839
f 1669 1837 1915
f 1806 1915 1837
f 1755 1915 1806
f 1839 1755 1806
f 1977 1677 1742
f 1677 1924 1789
f 1774 1961 1798
f 1856 1688 1939
f 1939 1688 1797
f 1797 1600 1939
f 1731 1939 1600
f 1790 1856 1748
f 1748 1959 1937
f 1623 1937 1959
f 1856 1790 1600
f 1940 1671 1565
f 1932 1885 1966
f 1932 1651 1884
f 1884 1651 1753
f 1948 1651 1965
f 1965 1582 1948
f 1582 1647 1803
f 1753 1976 1647
f 1976 1753 1650
f 1622 1793 1689
f 1704 1954 1770
f 1900 1692 1574
f 1621 1753 1700
f 1862 1805 1797
f 1899 1797 1804
f 1669 1807 1944
f 1837 1669 1944
f 1903 1574 1558
f 1558 1574 1573
f 1574 1614 1573
f 1961 1619 1798
f 1856 1706 1688
f 1619 1826 1704
f 1685 1575 1704
f 1959 1748 1697
f 1743 1829 1623
f 1793 1829 1743
f 1575 1685 1903
f 1770 1903 1685
f 1606 1971 1655
f 1671 1711 1778
f 1884 1753 1943
f 1943 1753 1651
f 1948 1582 1803
f 1648 1836 1884
f 1954 1793 1937
f 1774 1954 1692
f 1799 1645 1779
f 1692 1954 1704
f 1639 1875 1952
f 1875 1848 1952
f 1848 1742 1817
f 1742 1845 1817
f 1578 1689 1966
f 1899 1839 1806
f 1679 1790 1953
f 1883 1961 1798
f 1961 1961 1798
f 1704 1596 1619
f 1797 1688 1908
f 1631 1971 1947
f 1945 1606 1655
f 1839 1915 1670
f 1691 1710 1711
f 1885 1691 1711
f 1932 1884 1803
f 1803 1884 1943
f 1647 1976 1760
f 1648 1976 1650
f 1800 1622 1689
f 1793 1622 1800
f 1954 1937 1692
f 1645 1774 1792
f 1666 1645 1792
f 1666 1961 1645
f 1770 1931 1704
f 1704 1574 1692
f 1739 1845 1973
f 1700 1843 1886
f 1778 1965 1710
f 1966 1689 1575
f 1629 1653 1673
f 1797 1899 1671
f 1558 1575 1903
f 1706 1798 1908
f 1688 1706 1908
f 1557 1798 1961
f 1798 1557 1908
f 1619 1596 1729
f 1600 1797 1666
f 1623 1959 1855
f 1856 1600 1666
f 1697 1856 1975
f 1748 1856 1697
f 1606 1947 1971
f 1783 1757 1970
f 1945 1783 1759
f 1671 1778 1565
f 1885 1932 1592
f 1651 1873 1943
f 1873 1651 1948
f 1760 1803 1647
f 1976 1648 1625
f 1692 1792 1774
f 1961 1666 1645
f 1779 1645 1666
f 1799 1779 1873
f 1749 1873 1598
f 1575 1795 1773
f 1795 1575 1663
f 1575 1827 1663
f 1685 1663 1827
f 1663 1685 1770
f 1770 1685 1931
f 1742 1973 1845
f 1568 1739 1973
f 1886 1570 1700
f 1778 1578 1651
f 1578 1966 1591
f 1653 1629 1810
f 1807 1673 1653
f 1873 1779 1598
f 1873 1749 1771
f 1773 1771 1749
f 1704 1575 1596
f 1573 1614 1849
f 1614 1953 1849
f 1790 1679 1977
f 1742 1677 1789
f 1798 1619 1729
f 1666 1797 1699
f 1743 1731 1793
f 1689 1793 1731
f 1666 1975 1856
f 1627 1839 1670
f 1670 1915 1565
f 1710 1778 1711
f 1691 1885 1802
f 1592 1802 1885
f 1592 1932 1802
f 1803 1802 1932
f 1948 1803 1843
f 1937 1689 1731
f 1800 1689 1937
f 1800 1937 1793
f 1792 1692 1622
f 1639 1900 1574
f 1848 1875 1977
f 1788 1862 1603
f 1651 1965 1778
f 1862 1797 1861
f 1797 1908 1774
f 1908 1774 1908
f 1697 1855 1959
f 1665 1623 1855
f 1789 1631 1947
f 1627 1970 1757
f 1740 1802 1803
f 1803 1943 1740
f 1873 1948 1571
f 1802 1571 1948
f 1803 1760 1752
f 1884 1625 1648
f 1884 1836 1582
f 1836 1710 1707
f 1710 1965 1707
f 1800 1937 1865
f 1937 1800 1865
f 1666 1886 1779
f 1773 1933 1575
f 1742 1848 1977
f 1886 1788 1603
f 1591 1651 1578
f 1966 1575 1885
f 1575 1602 1966
f 1602 1621 1966
f 1700 1570 1621
f 1810 1629 1843
f 1899 1806 1805
f 1573 1849 1558
f 1953 1790 1849
f 1557 1695 1908
f 1908 1908 1695
f 1699 1797 1774
f 1731 1623 1665
f 1743 1623 1731
f 1975 1666 1833
f 1560 1855 1697
f 1665 1855 1560
f 1606 1945 1759
f 1917 1759 1783
f 1783 1970 1917
f 1583 1670 1565
f 1802 1695 1571
f 1843 1802 1948
f 1695 1802 1843
f 1843 1803 1752
f 1760 1976 1625
f 1707 1582 1836
f 1937 1622 1692
f 1704 1931 1822
f 1574 1704 1822
f 1875 1639 1875
f 1973 1742 1570
f 1603 1862 1646
f 1807 1653 1944
f 1646 1862 1861
f 1671 1861 1797
f 1729 1596 1665
f 1795 1575 1558
f 1847 1977 1742
f 1798 1618 1883
f 1961 1961 1883
f 1695 1908 1774
f 1774 1908 1695
f 1699 1774 1643
f 1699 1643 1666
f 1833 1666 1643
f 1665 1560 1726
f 1970 1627 1713
f 1627 1670 1628
f 1565 1778 1565
f 1778 1710 1565
f 1691 1690 1710
f 1943 1873 1740
f 1652 1760 1625
f 1937 1731 1850
f 1622 1937 1865
f 1666 1792 1732
f 1666 1951 1886
f 1685 1827 1596
f 1574 1660 1639
f 1707 1965 1651
f 1885 1861 1966
f 1966 1885 1575
f 1621 1570 1966
f 1843 1568 1894
f 1894 1810 1843
f 1598 1779 1886
f 1773 1749 1933
f 1837 1804 1806
f 1805 1806 1804
f 1671 1899 1910
f 1805 1910 1899
f 1618 1798 1620
f 1620 1798 1729
f 1824 1558 1849
f 1977 1847 1790
f 1557 1961 1832
f 1972 1557 1832
f 1695 1557 1961
f 1962 1666 1833
f 1833 1666 1962
f 1697 1975 1702
f 1665 1726 1764
f 1713 1627 1628
f 1670 1583 1628
f 1690 1802 1626
f 1691 1802 1690
f 1592 1802 1608
f 1740 1873 1571
f 1571 1695 1733
f 1695 1843 1939
f 1776 1843 1752
f 1939 1884 1582
f 1865 1937 1855
f 1886 1891 1598
f 1933 1729 1575
f 1575 1729 1827
f 1685 1596 1958
f 1707 1651 1932
f 1894 1785 1810
f 1837 1944 1804
f 1861 1671 1910
f 1596 1575 1795
f 1661 1849 1790
f 1961 1883 1883
f 1908 1695 1961
f 1643 1774 1908
f 1697 1702 1560
f 1731 1665 1764
f 1894 1789 1947
f 1675 1947 1606
f 1917 1970 1713
f 1802 1592 1841
f 1592 1608 1841
f 1802 1740 1608
f 1625 1884 1842
f 1884 1939 1842
f 1850 1855 1937
f 1622 1865 1602
f 1755 1622 1602
f 1792 1622 1792
f 1792 1732 1792
f 1951 1666 1732
f 1708 1933 1749
f 1596 1827 1729
f 1958 1931 1685
f 1639 1660 1875
f 1875 1977 1875
f 1977 1570 1742
f 1582 1707 1932
f 1932 1651 1591
f 1886 1603 1570
f 1568 1973 1894
f 1804 1944 1915
f 1749 1598 1855
f 1665 1620 1729
f 1665 1596 1795
f 1795 1558 1824
f 1961 1665 1908
f 1833 1665 1962
f 1932 1780 1775
f 1775 1754 1702
f 1975 1833 1702
f 1932 1775 1702
f 1565 1583 1565
f 1841 1626 1802
f 1740 1689 1608
f 1740 1571 1557
f 1843 1776 1754
f 1752 1889 1776
f 1855 1602 1865
f 1622 1755 1934
f 1891 1855 1598
f 1958 1728 1931
f 1966 1861 1591
f 1570 1603 1604
f 1653 1915 1944
f 1620 1665 1772
f 1573 1790 1847
f 1742 1789 1570
f 1789 1894 1570
f 1832 1961 1883
f 1908 1665 1833
f 1961 1557 1972
f 1643 1908 1833
f 1833 1643 1833
f 1780 1932 1833
f 1754 1775 1780
f 1833 1932 1702
f 1560 1702 1933
f 1726 1560 1933
f 1559 1764 1749
f 1731 1764 1559
f 1606 1759 1675
f 1690 1565 1710
f 1690 1690 1626
f 1557 1571 1634
f 1571 1733 1634
f 1695 1857 1733
f 1939 1857 1695
f 1889 1752 1760
f 1625 1960 1652
f 1960 1625 1938
f 1625 1842 1938
f 1792 1622 1934
f 1951 1732 1942
f 1886 1951 1942
f 1708 1598 1933
f 1822 1931 1728
f 1603 1646 1604
f 1588 1646 1861
f 1883 1618 1883
f 1749 1855 1580
f 1729 1619 1596
f 1910 1805 1672
f 1588 1861 1910
f 1665 1795 1772
f 1703 1824 1849
f 1847 1742 1819
f 1819 1742 1570
f 1665 1833 1833
f 1887 1833 1962
f 1780 1833 1887
f 1780 1932 1754
f 1933 1702 1754
f 1764 1726 1620
f 1749 1764 1620
f 1894 1947 1812
f 1675 1812 1947
f 1713 1738 1917
f 1935 1841 1608
f 1740 1562 1689
f 1740 1557 1562
f 1557 1634 1562
f 1634 1733 1939
f 1939 1843 1754
f 1733 1857 1939
f 1634 1939 1754
f 1776 1857 1754
f 1857 1776 1889
f 1889 1760 1856
f 1760 1652 1856
f 1755 1602 1934
f 1850 1731 1559
f 1855 1850 1733
f 1733 1559 1855
f 1891 1886 1766
f 1578 1942 1732
f 1855 1891 1766
f 1749 1580 1708
f 1596 1619 1619
f 1861 1885 1884
f 1885 1966 1884
f 1582 1966 1570
f 1582 1570 1604
f 1703 1849 1877
f 1661 1790 1573
f 1832 1883 1798
f 1798 1972 1832
f 1832 1665 1833
f 1962 1665 1882
f 1780 1887 1932
f 1932 1697 1754
f 1933 1754 1697
f 1759 1917 1738
f 1737 1628 1583
f 1565 1690 1885
f 1951 1690 1626
f 1951 1626 1575
f 1626 1841 1575
f 1562 1634 1733
f 1689 1935 1608
f 1634 1754 1668
f 1938 1842 1939
f 1939 1582 1701
f 1732 1792 1856
f 1559 1733 1850
f 1619 1619 1835
f 1958 1596 1644
f 1768 1875 1660
f 1894 1973 1712
f 1932 1701 1582
f 1802 1591 1861
f 1582 1753 1966
f 1785 1894 1712
f 1810 1785 1574
f 1653 1810 1574
f 1604 1646 1909
f 1618 1878 1883
f 1619 1645 1835
f 1598 1645 1729
f 1933 1598 1729
f 1645 1619 1729
f 1805 1804 1672
f 1573 1847 1927
f 1665 1961 1815
f 1882 1665 1832
f 1962 1882 1946
f 1887 1962 1946
f 1697 1932 1887
f 1675 1759 1587
f 1587 1759 1738
f 1690 1690 1885
f 1935 1575 1841
f 1857 1668 1754
f 1792 1934 1855
f 1602 1855 1559
f 1559 1934 1602
f 1886 1942 1771
f 1766 1886 1771
f 1580 1775 1708
f 1657 1973 1570
f 1723 1932 1591
f 1884 1966 1753
f 1574 1785 1922
f 1915 1653 1840
f 1804 1915 1692
f 1909 1646 1588
f 1618 1620 1859
f 1772 1795 1705
f 1795 1881 1705
f 1824 1881 1795
f 1877 1849 1661
f 1883 1878 1798
f 1961 1972 1815
f 1665 1815 1832
f 1882 1749 1946
f 1933 1620 1726
f 1690 1951 1686
f 1575 1686 1951
f 1601 1643 1562
f 1733 1601 1562
f 1634 1601 1733
f 1601 1634 1668
f 1857 1964 1668
f 1964 1857 1889
f 1652 1960 1938
f 1701 1821 1939
f 1578 1732 1856
f 1766 1580 1855
f 1596 1619 1644
f 1660 1574 1822
f 1977 1875 1680
f 1802 1723 1591
f 1802 1861 1884
f 1712 1676 1785
f 1676 1922 1785
f 1753 1909 1588
f 1645 1835 1645
f 1753 1910 1711
f 1588 1910 1753
f 1711 1910 1672
f 1772 1859 1620
f 1819 1570 1825
f 1924 1825 1570
f 1570 1894 1924
f 1878 1602 1798
f 1815 1972 1798
f 1832 1815 1882
f 1882 1815 1721
f 1749 1882 1721
f 1887 1946 1749
f 1697 1887 1882
f 1697 1620 1933
f 1559 1749 1829
f 1713 1628 1970
f 1970 1628 1737
f 1712 1737 1583
f 1885 1690 1802
f 1802 1690 1625
f 1690 1686 1625
f 1600 1686 1575
f 1935 1935 1575
f 1652 1566 1856
f 1938 1842 1942
f 1566 1652 1938
f 1842 1938 1942
f 1559 1733 1836
f 1934 1559 1649
f 1855 1934 1649
f 1856 1792 1855
f 1771 1942 1578
f 1580 1766 1732
f 1644 1772 1958
f 1728 1958 1772
f 1680 1875 1768
f 1570 1740 1657
f 1733 1932 1723
f 1582 1604 1909
f 1915 1840 1863
f 1863 1692 1915
f 1819 1927 1847
f 1927 1819 1825
f 1620 1829 1749
f 1812 1675 1923
f 1738 1713 1970
f 1628 1737 1737
f 1712 1583 1565
f 1805 1565 1710
f 1710 1565 1885
f 1935 1689 1839
f 1601 1668 1964
f 1889 1856 1566
f 1938 1939 1821
f 1733 1559 1600
f 1836 1733 1600
f 1559 1836 1628
f 1578 1856 1817
f 1817 1560 1578
f 1771 1578 1667
f 1775 1580 1976
f 1775 1599 1708
f 1599 1598 1708
f 1598 1599 1645
f 1822 1660 1822
f 1712 1973 1657
f 1977 1680 1848
f 1701 1932 1733
f 1723 1802 1860
f 1653 1574 1840
f 1645 1645 1599
f 1835 1645 1834
f 1672 1804 1692
f 1705 1881 1766
f 1881 1824 1931
f 1703 1931 1824
f 1877 1661 1726
f 1815 1577 1721
f 1721 1933 1749
f 1779 1887 1749
f 1620 1697 1739
f 1737 1737 1943
f 1935 1935 1647
f 1689 1562 1643
f 1566 1964 1889
f 1942 1803 1938
f 1855 1678 1856
f 1732 1766 1771
f 1580 1732 1976
f 1560 1667 1578
f 1775 1683 1599
f 1644 1619 1772
f 1570 1977 1848
f 1802 1884 1912
f 1912 1884 1891
f 1582 1733 1753
f 1672 1692 1910
f 1661 1573 1726
f 1573 1927 1726
f 1927 1825 1818
f 1815 1798 1577
f 1572 1933 1600
f 1749 1933 1572
f 1882 1887 1779
f 1559 1829 1908
f 1559 1908 1600
f 1923 1675 1587
f 1943 1737 1712
f 1712 1565 1805
f 1710 1885 1602
f 1686 1912 1625
f 1686 1600 1912
f 1600 1575 1935
f 1935 1839 1647
f 1643 1839 1689
f 1830 1601 1964
f 1821 1701 1678
f 1942 1938 1821
f 1598 1836 1600
f 1628 1664 1559
f 1559 1664 1649
f 1664 1855 1649
f 1817 1856 1678
f 1771 1560 1732
f 1599 1774 1645
f 1834 1835 1834
f 1619 1835 1729
f 1822 1728 1822
f 1848 1740 1570
f 1678 1701 1733
f 1733 1723 1654
f 1582 1909 1802
f 1574 1922 1630
f 1840 1574 1784
f 1909 1753 1690
f 1618 1859 1878
f 1834 1645 1774
f 1766 1859 1705
f 1772 1705 1859
f 1754 1877 1726
f 1924 1894 1812
f 1798 1602 1611
f 1602 1878 1966
f 1577 1798 1637
f 1933 1721 1968
f 1933 1968 1600
f 1739 1697 1882
f 1885 1802 1602
f 1600 1831 1912
f 1600 1935 1647
f 1643 1648 1839
f 1846 1648 1643
f 1601 1962 1643
f 1830 1962 1601
f 1566 1831 1964
f 1830 1964 1831
f 1566 1938 1831
f 1609 1821 1678
f 1628 1836 1598
f 1771 1667 1774
f 1774 1621 1771
f 1560 1771 1621
f 1822 1768 1660
f 1657 1676 1712
f 1678 1733 1719
f 1733 1912 1719
f 1654 1912 1733
f 1860 1654 1723
f 1802 1912 1860
f 1884 1753 1891
f 1802 1909 1690
f 1931 1703 1663
f 1703 1877 1754
f 1754 1663 1703
f 1818 1825 1740
f 1798 1611 1637
f 1721 1577 1637
f 1968 1721 1934
f 1779 1749 1577
f 1620 1833 1829
f 1738 1945 1587
f 1970 1738 1738
f 1710 1565 1805
f 1831 1600 1647
f 1647 1839 1648
f 1938 1803 1831
f 1658 1817 1678
f 1560 1817 1658
f 1667 1560 1658
f 1732 1560 1976
f 1976 1851 1775
f 1834 1774 1760
f 1834 1775 1834
f 1834 1729 1835
f 1619 1729 1772
f 1728 1772 1747
f 1747 1822 1728
f 1657 1740 1590
f 1733 1582 1802
f 1784 1574 1630
f 1711 1672 1910
f 1881 1931 1958
f 1825 1924 1740
f 1924 1812 1846
f 1611 1602 1966
f 1600 1968 1572
f 1749 1572 1577
f 1934 1721 1637
f 1883 1779 1577
f 1883 1882 1779
f 1739 1882 1899
f 1620 1739 1711
f 1923 1587 1892
f 1737 1943 1970
f 1625 1912 1776
f 1935 1923 1647
f 1846 1643 1896
f 1896 1643 1962
f 1831 1566 1707
f 1831 1803 1644
f 1835 1942 1821
f 1821 1609 1835
f 1678 1855 1775
f 1599 1683 1774
f 1834 1760 1775
f 1768 1822 1878
f 1678 1719 1777
f 1891 1753 1733
f 1766 1881 1958
f 1740 1924 1846
f 1966 1878 1665
f 1572 1968 1773
f 1577 1572 1773
f 1658 1739 1899
f 1711 1739 1658
f 1833 1620 1711
f 1691 1908 1829
f 1600 1908 1691
f 1923 1846 1812
f 1945 1738 1738
f 1943 1712 1782
f 1602 1802 1626
f 1802 1625 1626
f 1923 1935 1647
f 1648 1846 1835
f 1707 1566 1831
f 1803 1942 1644
f 1678 1835 1609
f 1775 1855 1664
f 1976 1560 1925
f 1683 1775 1851
f 1760 1774 1731
f 1747 1772 1729
f 1747 1727 1822
f 1680 1898 1848
f 1898 1740 1848
f 1686 1912 1891
f 1802 1690 1939
f 1922 1844 1630
f 1692 1863 1712
f 1692 1735 1910
f 1859 1665 1878
f 1676 1844 1922
f 1753 1711 1582
f 1581 1753 1582
f 1753 1581 1690
f 1686 1958 1931
f 1977 1927 1818
f 1934 1637 1916
f 1899 1882 1883
f 1829 1833 1833
f 1691 1829 1833
f 1712 1805 1888
f 1776 1626 1625
f 1831 1647 1923
f 1647 1648 1981
f 1754 1830 1707
f 1830 1831 1707
f 1942 1835 1644
f 1598 1600 1571
f 1598 1571 1951
f 1628 1598 1951
f 1628 1951 1664
f 1730 1667 1761
f 1730 1774 1667
f 1925 1851 1976
f 1856 1683 1959
f 1774 1683 1856
f 1835 1678 1777
f 1912 1654 1912
f 1891 1733 1686
f 1733 1802 1857
f 1859 1766 1827
f 1958 1827 1766
f 1665 1920 1966
f 1966 1920 1611
f 1580 1637 1611
f 1883 1577 1773
f 1916 1637 1580
f 1968 1934 1730
f 1658 1899 1568
f 1587 1945 1892
f 1782 1944 1943
f 1782 1712 1888
f 1805 1565 1888
f 1710 1602 1565
f 1776 1912 1964
f 1831 1964 1912
f 1923 1647 1981
f 1835 1981 1648
f 1896 1613 1846
f 1962 1754 1896
f 1830 1754 1962
f 1658 1909 1667
f 1621 1925 1560
f 1683 1851 1959
f 1731 1774 1856
f 1775 1760 1602
f 1680 1768 1820
f 1956 1822 1727
f 1878 1822 1956
f 1898 1590 1740
f 1590 1895 1657
f 1676 1657 1895
f 1633 1912 1654
f 1654 1860 1633
f 1912 1968 1860
f 1912 1686 1904
f 1857 1802 1939
f 1630 1844 1946
f 1692 1712 1735
f 1859 1905 1665
f 1602 1760 1731
f 1706 1939 1690
f 1690 1581 1706
f 1931 1663 1713
f 1663 1754 1713
f 1726 1927 1977
f 1977 1818 1949
f 1920 1665 1905
f 1730 1934 1916
f 1773 1968 1730
f 1899 1883 1568
f 1833 1711 1658
f 1711 1833 1833
f 1738 1970 1756
f 1831 1923 1830
f 1846 1613 1835
f 1601 1835 1946
f 1691 1752 1600
f 1571 1600 1752
f 1678 1775 1599
f 1599 1909 1658
f 1658 1678 1599
f 1909 1761 1667
f 1959 1851 1876
f 1891 1834 1775
f 1619 1729 1834
f 1777 1946 1835
f 1719 1912 1912
f 1912 1912 1912
f 1968 1633 1860
f 1968 1912 1709
f 1676 1895 1844
f 1944 1863 1840
f 1686 1931 1713
f 1754 1726 1849
f 1818 1740 1949
f 1611 1920 1580
f 1773 1571 1883
f 1691 1833 1883
f 1923 1867 1846
f 1923 1892 1867
f 1892 1945 1738
f 1756 1970 1944
f 1970 1943 1944
f 1565 1602 1836
f 1602 1626 1965
f 1854 1965 1626
f 1626 1776 1668
f 1776 1964 1668
f 1964 1831 1830
f 1896 1773 1613
f 1896 1754 1773
f 1707 1831 1576
f 1831 1644 1889
f 1644 1835 1601
f 1775 1664 1597
f 1774 1597 1621
f 1925 1621 1597
f 1621 1597 1597
f 1959 1666 1856
f 1666 1775 1602
f 1747 1729 1853
f 1853 1904 1747
f 1768 1878 1820
f 1777 1719 1581
f 1709 1912 1904
f 1857 1939 1808
f 1840 1784 1694
f 1944 1712 1863
f 1944 1840 1694
f 1827 1905 1859
f 1856 1731 1731
f 1666 1731 1856
f 1731 1602 1731
f 1910 1966 1711
f 1582 1711 1966
f 1706 1581 1582
f 1686 1713 1880
f 1726 1977 1744
f 1920 1905 1678
f 1920 1646 1580
f 1916 1580 1809
f 1571 1773 1730
f 1833 1658 1688
f 1691 1883 1903
f 1752 1691 1883
f 1836 1602 1965
f 1668 1964 1562
f 1648 1830 1923
f 1923 1981 1647
f 1647 1981 1944
f 1707 1576 1754
f 1775 1597 1599
f 1925 1962 1851
f 1891 1775 1666
f 1834 1891 1619
f 1619 1853 1729
f 1898 1680 1820
f 1777 1581 1946
f 1857 1771 1733
f 1958 1686 1827
f 1713 1754 1955
f 1849 1955 1754
f 1949 1740 1677
f 1846 1677 1740
f 1677 1846 1975
f 1646 1920 1678
f 1571 1644 1883
f 1568 1883 1644
f 1658 1568 1707
f 1688 1577 1833
f 1883 1833 1577
f 1782 1888 1650
f 1836 1888 1565
f 1964 1830 1562
f 1981 1835 1787
f 1889 1576 1831
f 1601 1648 1644
f 1597 1664 1595
f 1909 1599 1900
f 1873 1909 1900
f 1774 1730 1853
f 1853 1889 1774
f 1774 1889 1597
f 1962 1925 1597
f 1876 1851 1962
f 1959 1698 1666
f 1698 1959 1753
f 1727 1747 1747
f 1820 1878 1642
f 1667 1719 1912
f 1667 1912 1831
f 1912 1912 1831
f 1633 1831 1912
f 1630 1946 1738
f 1784 1630 1738
f 1827 1567 1905
f 1626 1668 1854
f 1731 1666 1602
f 1706 1808 1939
f 1827 1686 1880
f 1726 1744 1849
f 1905 1567 1729
f 1580 1646 1809
f 1916 1700 1730
f 1688 1658 1707
f 1944 1782 1669
f 1830 1648 1562
f 1648 1923 1647
f 1944 1981 1787
f 1787 1835 1613
f 1595 1951 1645
f 1664 1951 1595
f 1900 1599 1597
f 1761 1909 1873
f 1853 1730 1761
f 1597 1889 1684
f 1641 1876 1580
f 1959 1876 1641
f 1641 1753 1959
f 1891 1666 1698
f 1619 1891 1832
f 1747 1618 1727
f 1956 1727 1618
f 1581 1719 1831
f 1667 1831 1719
f 1844 1895 1946
f 1784 1738 1694
f 1677 1818 1949
f 1905 1729 1678
f 1730 1700 1692
f 1571 1730 1692
f 1883 1691 1903
f 1738 1630 1892
f 1867 1892 1607
f 1630 1607 1892
f 1782 1650 1669
f 1836 1965 1660
f 1944 1964 1647
f 1889 1644 1648
f 1581 1754 1946
f 1601 1946 1754
f 1561 1571 1752
f 1951 1571 1645
f 1597 1595 1764
f 1597 1597 1684
f 1684 1766 1597
f 1597 1766 1962
f 1962 1580 1876
f 1904 1747 1747
f 1817 1895 1590
f 1754 1581 1831
f 1633 1968 1831
f 1831 1968 1842
f 1904 1831 1709
f 1703 1831 1904
f 1904 1686 1703
f 1712 1940 1735
f 1735 1671 1910
f 1827 1880 1567
f 1910 1671 1966
f 1808 1706 1928
f 1706 1582 1928
f 1827 1880 1880
f 1977 1949 1818
f 1975 1846 1867
f 1682 1678 1729
f 1646 1678 1668
f 1668 1834 1809
f 1809 1834 1916
f 1700 1916 1834
f 1644 1707 1568
f 1577 1688 1879
f 1650 1888 1650
f 1888 1836 1584
f 1854 1660 1965
f 1613 1773 1959
f 1959 1773 1780
f 1773 1754 1780
f 1754 1576 1602
f 1561 1752 1883
f 1645 1571 1561
f 1597 1764 1900
f 1844 1900 1764
f 1853 1761 1873
f 1891 1698 1833
f 1832 1891 1833
f 1619 1832 1833
f 1747 1904 1705
f 1709 1842 1968
f 1962 1709 1831
f 1857 1808 1771
f 1944 1838 1712
f 1838 1940 1712
f 1735 1940 1671
f 1729 1567 1828
f 1880 1713 1558
f 1668 1678 1682
f 1646 1668 1809
f 1688 1707 1565
f 1559 1644 1571
f 1707 1644 1853
f 1879 1688 1565
f 1883 1577 1879
f 1630 1738 1866
f 1660 1624 1836
f 1647 1964 1648
f 1718 1787 1613
f 1613 1959 1718
f 1780 1754 1702
f 1601 1936 1648
f 1898 1820 1680
f 1590 1898 1896
f 1590 1896 1817
f 1831 1718 1667
f 1962 1842 1709
f 1771 1837 1686
f 1733 1771 1686
f 1880 1880 1608
f 1567 1880 1576
f 1558 1955 1770
f 1713 1955 1558
f 1608 1880 1558
f 1955 1849 1615
f 1729 1828 1682
f 1571 1692 1559
f 1756 1866 1738
f 1756 1944 1693
f 1650 1888 1584
f 1584 1836 1624
f 1836 1660 1854
f 1944 1787 1911
f 1754 1602 1702
f 1602 1576 1678
f 1576 1889 1678
f 1601 1754 1936
f 1687 1561 1883
f 1645 1561 1687
f 1764 1595 1718
f 1873 1900 1844
f 1873 1657 1853
f 1889 1853 1657
f 1641 1580 1597
f 1641 1584 1753
f 1833 1698 1753
f 1619 1799 1853
f 1680 1896 1898
f 1924 1895 1817
f 1718 1750 1667
f 1718 1831 1842
f 1703 1686 1837
f 1771 1808 1963
f 1963 1808 1668
f 1895 1675 1946
f 1694 1627 1944
f 1576 1880 1567
f 1828 1567 1880
f 1770 1955 1615
f 1849 1744 1616
f 1700 1834 1595
f 1883 1879 1851
f 1903 1883 1851
f 1674 1867 1607
f 1756 1693 1653
f 1669 1693 1944
f 1668 1836 1854
f 1964 1911 1648
f 1944 1911 1964
f 1889 1648 1587
f 1687 1883 1799
f 1595 1645 1975
f 1718 1595 1975
f 1862 1764 1718
f 1844 1764 1862
f 1684 1889 1637
f 1766 1684 1746
f 1580 1962 1597
f 1646 1833 1753
f 1799 1833 1646
f 1799 1619 1833
f 1799 1904 1853
f 1956 1642 1878
f 1820 1642 1767
f 1754 1831 1580
f 1580 1831 1750
f 1831 1667 1750
f 1831 1703 1837
f 1624 1660 1836
f 1808 1928 1668
f 1928 1582 1966
f 1975 1867 1894
f 1977 1616 1744
f 1977 1818 1659
f 1692 1700 1595
f 1720 1692 1595
f 1559 1692 1720
f 1644 1559 1853
f 1565 1707 1853
f 1669 1650 1650
f 1911 1668 1562
f 1648 1911 1562
f 1911 1964 1911
f 1631 1911 1787
f 1787 1718 1631
f 1648 1936 1587
f 1889 1657 1882
f 1637 1746 1684
f 1766 1746 1962
f 1597 1962 1746
f 1584 1833 1753
f 1680 1820 1767
f 1718 1801 1750
f 1738 1946 1560
f 1627 1694 1841
f 1880 1608 1576
f 1558 1770 1851
f 1615 1849 1616
f 1818 1677 1950
f 1828 1754 1682
f 1968 1682 1754
f 1668 1682 1968
f 1851 1885 1903
f 1883 1903 1799
f 1866 1756 1653
f 1845 1836 1668
f 1911 1845 1668
f 1911 1858 1911
f 1858 1911 1631
f 1718 1959 1780
f 1678 1889 1948
f 1645 1687 1698
f 1975 1645 1698
f 1657 1844 1620
f 1873 1844 1657
f 1641 1597 1850
f 1584 1641 1850
f 1646 1753 1833
f 1904 1799 1854
f 1675 1895 1924
f 1837 1771 1698
f 1963 1698 1771
f 1841 1694 1918
f 1838 1944 1627
f 1963 1668 1709
f 1928 1966 1839
f 1668 1928 1839
f 1608 1558 1851
f 1882 1853 1745
f 1565 1853 1882
f 1885 1799 1903
f 1894 1867 1674
f 1607 1630 1866
f 1669 1650 1967
f 1650 1584 1967
f 1845 1911 1858
f 1780 1973 1718
f 1780 1702 1751
f 1936 1754 1580
f 1698 1687 1707
f 1698 1859 1975
f 1975 1935 1718
f 1620 1844 1862
f 1833 1584 1850
f 1833 1688 1646
f 1688 1833 1962
f 1799 1646 1688
f 1822 1928 1642
f 1767 1642 1928
f 1962 1831 1780
f 1837 1698 1604
f 1738 1918 1694
f 1671 1940 1628
f 1880 1576 1880
f 1659 1818 1950
f 1677 1975 1784
f 1977 1659 1616
f 1834 1668 1896
f 1957 1720 1595
f 1559 1720 1909
f 1559 1745 1853
f 1879 1565 1882
f 1653 1693 1757
f 1973 1780 1751
f 1702 1602 1874
f 1602 1678 1874
f 1948 1874 1678
f 1948 1889 1910
f 1889 1587 1910
f 1799 1707 1687
f 1865 1975 1859
f 1865 1935 1975
f 1618 1620 1862
f 1882 1637 1889
f 1627 1597 1746
f 1850 1597 1627
f 1618 1747 1705
f 1558 1822 1956
f 1642 1956 1822
f 1896 1680 1640
f 1842 1962 1906
f 1831 1837 1604
f 1595 1698 1963
f 1966 1671 1628
f 1576 1608 1669
f 1967 1584 1624
f 1946 1675 1560
f 1975 1894 1784
f 1828 1880 1644
f 1754 1828 1644
f 1644 1880 1880
f 1668 1968 1957
f 1595 1834 1896
f 1745 1559 1909
f 1799 1885 1853
f 1674 1607 1786
f 1786 1607 1716
f 1607 1866 1716
f 1693 1669 1864
f 1862 1624 1836
f 1631 1562 1858
f 1718 1973 1631
f 1751 1702 1874
f 1936 1587 1936
f 1934 1698 1707
f 1859 1698 1934
f 1865 1859 1934
f 1862 1718 1935
f 1862 1935 1618
f 1620 1903 1657
f 1927 1627 1746
f 1969 1627 1927
f 1796 1833 1850
f 1962 1833 1796
f 1821 1688 1962
f 1799 1688 1854
f 1796 1821 1962
f 1854 1705 1904
f 1618 1558 1956
f 1680 1767 1640
f 1979 1580 1887
f 1718 1842 1862
f 1842 1906 1862
f 1962 1780 1906
f 1831 1604 1885
f 1838 1650 1940
f 1628 1940 1650
f 1880 1576 1669
f 1950 1677 1784
f 1644 1575 1754
f 1754 1957 1968
f 1896 1668 1957
f 1957 1595 1896
f 1879 1882 1906
f 1851 1879 1906
f 1853 1851 1906
f 1885 1851 1853
f 1866 1653 1738
f 1757 1693 1864
f 1967 1864 1669
f 1858 1753 1845
f 1587 1936 1910
f 1936 1580 1979
f 1799 1718 1707
f 1882 1657 1903
f 1903 1709 1882
f 1709 1637 1882
f 1927 1637 1687
f 1637 1927 1746
f 1850 1627 1566
f 1896 1925 1817
f 1750 1887 1580
f 1887 1750 1579
f 1579 1750 1801
f 1801 1718 1862
f 1831 1885 1780
f 1963 1803 1595
f 1738 1560 1918
f 1851 1669 1608
f 1803 1963 1709
f 1628 1839 1966
f 1594 1770 1794
f 1770 1615 1794
f 1957 1754 1559
f 1896 1957 1834
f 1909 1720 1957
f 1882 1745 1579
f 1894 1674 1947
f 1947 1674 1786
f 1716 1866 1738
f 1738 1653 1757
f 1973 1858 1631
f 1799 1853 1718
f 1934 1707 1718
f 1618 1935 1559
f 1903 1620 1757
f 1709 1903 1730
f 1687 1637 1934
f 1969 1927 1809
f 1969 1566 1627
f 1796 1850 1688
f 1798 1854 1688
f 1675 1924 1560
f 1620 1906 1780
f 1627 1841 1970
f 1669 1812 1880
f 1770 1594 1851
f 1686 1644 1880
f 1559 1754 1575
f 1853 1885 1853
f 1624 1862 1888
f 1836 1845 1753
f 1858 1562 1631
f 1751 1874 1613
f 1874 1948 1689
f 1948 1910 1689
f 1729 1865 1934
f 1935 1865 1729
f 1920 1618 1559
f 1620 1618 1920
f 1637 1709 1934
f 1959 1927 1687
f 1796 1688 1688
f 1688 1821 1798
f 1821 1796 1688
f 1798 1905 1854
f 1854 1905 1705
f 1618 1705 1558
f 1928 1640 1767
f 1885 1604 1698
f 1918 1970 1841
f 1932 1669 1851
f 1709 1668 1857
f 1857 1668 1839
f 1615 1616 1794
f 1791 1616 1659
f 1784 1894 1974
f 1644 1686 1795
f 1896 1834 1697
f 1957 1896 1697
f 1745 1909 1705
f 1745 1705 1579
f 1906 1882 1579
f 1757 1864 1944
f 1864 1967 1915
f 1836 1753 1862
f 1562 1753 1858
f 1562 1858 1606
f 1751 1858 1973
f 1936 1936 1979
f 1729 1559 1935
f 1959 1809 1927
f 1566 1969 1914
f 1850 1566 1914
f 1964 1850 1914
f 1798 1821 1688
f 1650 1905 1798
f 1896 1640 1925
f 1925 1699 1817
f 1780 1885 1750
f 1885 1698 1750
f 1838 1627 1967
f 1686 1880 1812
f 1794 1615 1794
f 1932 1851 1558
f 1659 1950 1635
f 1950 1784 1634
f 1575 1644 1795
f 1559 1834 1957
f 1652 1853 1853
f 1786 1716 1760
f 1782 1757 1944
f 1738 1757 1782
f 1753 1562 1606
f 1751 1613 1858
f 1874 1689 1613
f 1910 1633 1689
f 1729 1934 1676
f 1920 1757 1620
f 1934 1709 1730
f 1964 1688 1850
f 1705 1931 1558
f 1640 1928 1929
f 1887 1579 1858
f 1579 1801 1936
f 1801 1862 1936
f 1906 1887 1862
f 1698 1595 1801
f 1932 1851 1932
f 1915 1967 1888
f 1624 1888 1967
f 1628 1626 1839
f 1857 1839 1626
f 1857 1751 1709
f 1750 1709 1751
f 1803 1709 1750
f 1851 1594 1558
f 1669 1932 1812
f 1950 1634 1635
f 1894 1947 1974
f 1579 1758 1906
f 1906 1758 1853
f 1772 1853 1652
f 1716 1738 1760
f 1944 1864 1698
f 1858 1613 1563
f 1689 1689 1874
f 1910 1936 1616
f 1718 1853 1772
f 1676 1718 1772
f 1934 1718 1676
f 1698 1559 1718
f 1718 1559 1920
f 1698 1920 1559
f 1757 1730 1903
f 1809 1603 1969
f 1914 1969 1603
f 1634 1959 1687
f 1603 1809 1959
f 1964 1650 1688
f 1688 1688 1577
f 1650 1798 1853
f 1650 1729 1905
f 1822 1558 1931
f 1817 1699 1924
f 1560 1924 1719
f 1887 1906 1620
f 1750 1698 1801
f 1803 1611 1595
f 1810 1970 1918
f 1967 1650 1838
f 1812 1932 1728
f 1784 1974 1634
f 1792 1575 1795
f 1559 1575 1792
f 1561 1834 1559
f 1957 1697 1891
f 1891 1697 1748
f 1957 1891 1958
f 1909 1957 1958
f 1652 1853 1758
f 1810 1760 1738
f 1810 1738 1782
f 1864 1915 1698
f 1690 1606 1858
f 1689 1830 1613
f 1936 1860 1616
f 1979 1860 1936
f 1729 1676 1773
f 1920 1698 1718
f 1854 1757 1920
f 1603 1959 1803
f 1577 1688 1650
f 1688 1853 1798
f 1665 1729 1650
f 1876 1729 1665
f 1905 1729 1665
f 1705 1905 1576
f 1822 1873 1928
f 1979 1887 1879
f 1879 1887 1858
f 1579 1936 1858
f 1936 1862 1887
f 1611 1801 1595
f 1560 1719 1717
f 1627 1970 1693
f 1967 1627 1693
f 1626 1628 1753
f 1659 1635 1660
f 1705 1909 1958
f 1705 1829 1579
f 1947 1786 1813
f 1760 1813 1786
f 1888 1863 1915
f 1565 1862 1753
f 1606 1910 1753
f 1830 1563 1613
f 1773 1676 1760
f 1559 1729 1761
f 1718 1559 1761
f 1920 1718 1854
f 1730 1757 1942
f 1853 1634 1687
f 1577 1650 1964
f 1688 1619 1853
f 1650 1853 1665
f 1729 1853 1665
f 1931 1705 1576
f 1873 1929 1928
f 1949 1924 1699
f 1719 1924 1949
f 1620 1780 1976
f 1976 1780 1750
f 1717 1867 1560
f 1918 1560 1867
f 1794 1616 1640
f 1932 1932 1558
f 1659 1660 1791
f 1561 1795 1834
f 1697 1834 1795
f 1958 1929 1705
f 1758 1579 1829
f 1792 1795 1641
f 1862 1863 1888
f 1863 1862 1565
f 1565 1753 1910
f 1910 1606 1709
f 1689 1689 1648
f 1633 1648 1689
f 1979 1879 1860
f 1760 1676 1772
f 1761 1729 1773
f 1934 1853 1687
f 1634 1803 1959
f 1914 1603 1864
f 1665 1729 1905
f 1576 1665 1905
f 1665 1576 1905
f 1967 1628 1650
f 1611 1803 1959
f 1867 1810 1918
f 1845 1932 1558
f 1932 1845 1728
f 1791 1640 1616
f 1561 1559 1931
f 1748 1697 1795
f 1829 1705 1929
f 1758 1829 1957
f 1758 1905 1652
f 1905 1758 1957
f 1795 1686 1821
f 1618 1821 1686
f 1559 1792 1931
f 1782 1944 1890
f 1698 1890 1944
f 1690 1858 1582
f 1689 1648 1830
f 1616 1633 1910
f 1718 1761 1572
f 1934 1730 1666
f 1964 1914 1864
f 1905 1729 1876
f 1665 1853 1619
f 1931 1576 1747
f 1873 1822 1558
f 1822 1931 1558
f 1767 1858 1936
f 1936 1887 1767
f 1887 1620 1814
f 1814 1620 1976
f 1693 1970 1653
f 1558 1594 1588
f 1728 1821 1812
f 1812 1821 1686
f 1634 1974 1871
f 1974 1947 1761
f 1652 1905 1965
f 1772 1652 1621
f 1795 1821 1641
f 1813 1761 1947
f 1709 1606 1690
f 1563 1582 1858
f 1760 1772 1621
f 1773 1572 1761
f 1572 1854 1718
f 1854 1900 1757
f 1900 1942 1757
f 1730 1942 1666
f 1603 1803 1715
f 1715 1864 1603
f 1964 1619 1577
f 1688 1577 1619
f 1964 1864 1965
f 1905 1876 1965
f 1576 1905 1747
f 1719 1949 1571
f 1967 1624 1628
f 1879 1858 1767
f 1653 1970 1810
f 1753 1628 1624
f 1959 1803 1750
f 1751 1857 1708
f 1708 1857 1626
f 1594 1794 1588
f 1635 1634 1660
f 1891 1929 1958
f 1562 1965 1905
f 1621 1652 1965
f 1641 1821 1743
f 1582 1563 1910
f 1616 1860 1936
f 1853 1934 1666
f 1803 1634 1856
f 1964 1965 1747
f 1965 1747 1905
f 1665 1619 1613
f 1925 1640 1701
f 1925 1659 1699
f 1967 1693 1604
f 1814 1976 1616
f 1879 1767 1784
f 1750 1667 1976
f 1750 1801 1614
f 1959 1611 1959
f 1794 1794 1614
f 1767 1614 1794
f 1794 1640 1767
f 1821 1728 1941
f 1660 1634 1871
f 1871 1974 1761
f 1562 1905 1957
f 1792 1641 1743
f 1915 1956 1698
f 1709 1690 1763
f 1633 1616 1830
f 1760 1621 1828
f 1731 1634 1853
f 1856 1634 1731
f 1715 1803 1856
f 1715 1979 1864
f 1964 1747 1619
f 1613 1965 1876
f 1876 1665 1613
f 1873 1558 1861
f 1929 1873 1956
f 1640 1929 1701
f 1701 1659 1925
f 1624 1967 1564
f 1879 1936 1860
f 1976 1667 1742
f 1784 1767 1887
f 1611 1614 1801
f 1867 1717 1759
f 1588 1845 1558
f 1703 1845 1588
f 1959 1959 1800
f 1750 1800 1959
f 1929 1891 1643
f 1829 1929 1584
f 1743 1766 1792
f 1931 1684 1561
f 1795 1561 1684
f 1760 1810 1811
f 1956 1915 1863
f 1863 1565 1592
f 1763 1690 1582
f 1912 1830 1648
f 1633 1912 1648
f 1912 1633 1830
f 1828 1621 1957
f 1644 1773 1760
f 1900 1854 1572
f 1900 1666 1942
f 1863 1731 1853
f 1979 1715 1856
f 1965 1613 1979
f 1747 1965 1979
f 1861 1956 1873
f 1879 1784 1936
f 1976 1978 1616
f 1887 1814 1581
f 1667 1750 1614
f 1588 1794 1614
f 1845 1752 1728
f 1752 1845 1703
f 1728 1752 1941
f 1743 1821 1727
f 1727 1821 1941
f 1699 1791 1660
f 1871 1741 1660
f 1891 1748 1643
f 1957 1829 1584
f 1562 1957 1965
f 1957 1965 1881
f 1621 1965 1957
f 1792 1766 1931
f 1810 1782 1811
f 1592 1565 1691
f 1910 1691 1565
f 1691 1910 1709
f 1763 1582 1910
f 1563 1825 1910
f 1935 1616 1936
f 1828 1644 1760
f 1979 1814 1864
f 1965 1864 1814
f 1958 1747 1979
f 1613 1619 1772
f 1956 1701 1929
f 1659 1701 1875
f 1659 1949 1699
f 1976 1742 1978
f 1581 1814 1616
f 1978 1966 1616
f 1829 1611 1959
f 1759 1717 1719
f 1753 1668 1626
f 1800 1750 1579
f 1579 1751 1708
f 1579 1750 1751
f 1703 1588 1824
f 1871 1761 1720
f 1584 1929 1643
f 1957 1584 1683
f 1881 1965 1957
f 1852 1743 1727
f 1766 1743 1852
f 1748 1795 1930
f 1643 1748 1960
f 1709 1763 1691
f 1830 1912 1562
f 1830 1616 1935
f 1828 1957 1827
f 1572 1773 1603
f 1572 1705 1900
f 1900 1843 1666
f 1596 1863 1666
f 1853 1666 1863
f 1856 1731 1863
f 1747 1958 1748
f 1931 1747 1748
f 1558 1931 1906
f 1571 1812 1719
f 1967 1604 1782
f 1967 1782 1564
f 1879 1936 1936
f 1784 1887 1581
f 1581 1616 1966
f 1614 1611 1777
f 1777 1611 1829
f 1881 1957 1720
f 1684 1930 1795
f 1921 1760 1811
f 1811 1890 1683
f 1890 1811 1782
f 1863 1592 1956
f 1563 1651 1825
f 1562 1651 1563
f 1830 1562 1563
f 1603 1705 1572
f 1863 1960 1856
f 1979 1856 1706
f 1931 1748 1906
f 1693 1653 1585
f 1581 1579 1784
f 1667 1614 1851
f 1698 1683 1890
f 1867 1917 1810
f 1624 1564 1582
f 1753 1624 1582
f 1588 1614 1874
f 1727 1941 1903
f 1699 1820 1791
f 1699 1660 1741
f 1720 1741 1871
f 1584 1643 1930
f 1562 1957 1683
f 1957 1562 1683
f 1748 1930 1960
f 1960 1608 1643
f 1921 1813 1760
f 1956 1592 1891
f 1876 1562 1912
f 1644 1683 1773
f 1603 1773 1683
f 1900 1705 1905
f 1843 1900 1905
f 1856 1960 1706
f 1965 1814 1747
f 1747 1772 1619
f 1586 1979 1613
f 1586 1958 1979
f 1958 1906 1748
f 1932 1558 1906
f 1932 1861 1558
f 1861 1682 1956
f 1956 1794 1701
f 1949 1659 1818
f 1585 1810 1917
f 1653 1810 1585
f 1693 1585 1604
f 1851 1614 1777
f 1614 1767 1980
f 1980 1767 1640
f 1820 1640 1791
f 1633 1703 1823
f 1752 1703 1633
f 1824 1823 1703
f 1941 1752 1633
f 1683 1750 1957
f 1957 1750 1720
f 1792 1957 1881
f 1827 1957 1792
f 1852 1727 1903
f 1766 1852 1609
f 1766 1851 1931
f 1930 1643 1608
f 1693 1840 1956
f 1691 1839 1592
f 1763 1839 1691
f 1910 1624 1763
f 1916 1843 1905
f 1843 1596 1666
f 1747 1814 1828
f 1586 1613 1772
f 1951 1958 1586
f 1594 1861 1932
f 1875 1701 1794
f 1571 1949 1818
f 1784 1579 1936
f 1667 1978 1742
f 1667 1851 1686
f 1823 1588 1874
f 1588 1823 1824
f 1683 1698 1840
f 1840 1698 1956
f 1867 1759 1917
f 1800 1579 1620
f 1859 1800 1620
f 1959 1800 1859
f 1859 1829 1959
f 1812 1759 1719
f 1582 1668 1753
f 1668 1708 1626
f 1741 1720 1765
f 1881 1720 1879
f 1792 1881 1879
f 1609 1852 1903
f 1684 1931 1851
f 1960 1727 1608
f 1608 1574 1930
f 1683 1584 1930
f 1720 1761 1813
f 1891 1693 1956
f 1839 1763 1888
f 1858 1912 1830
f 1935 1858 1830
f 1936 1647 1935
f 1828 1827 1792
f 1644 1828 1844
f 1644 1844 1683
f 1705 1603 1564
f 1596 1827 1863
f 1960 1863 1827
f 1814 1979 1828
f 1748 1958 1951
f 1906 1958 1748
f 1575 1906 1748
f 1956 1682 1794
f 1851 1777 1686
f 1686 1777 1777
f 1777 1777 1666
f 1777 1829 1666
f 1874 1822 1823
f 1903 1941 1633
f 1820 1699 1848
f 1699 1741 1765
f 1602 1930 1905
f 1960 1930 1602
f 1891 1592 1839
f 1651 1562 1876
f 1912 1858 1876
f 1828 1792 1844
f 1843 1827 1596
f 1827 1664 1960
f 1932 1906 1575
f 1794 1638 1875
f 1647 1936 1936
f 1579 1581 1963
f 1966 1978 1561
f 1978 1667 1561
f 1667 1686 1561
f 1972 1666 1829
f 1921 1811 1587
f 1587 1811 1683
f 1579 1708 1668
f 1668 1578 1579
f 1859 1972 1829
f 1874 1614 1601
f 1980 1640 1820
f 1848 1699 1765
f 1750 1879 1720
f 1766 1609 1851
f 1684 1851 1905
f 1930 1684 1905
f 1960 1602 1727
f 1720 1813 1762
f 1624 1888 1763
f 1624 1825 1838
f 1910 1825 1624
f 1683 1748 1603
f 1828 1705 1564
f 1705 1828 1905
f 1827 1843 1614
f 1706 1960 1811
f 1828 1772 1747
f 1567 1586 1772
f 1594 1682 1861
f 1659 1875 1927
f 1812 1571 1818
f 1579 1647 1936
f 1966 1963 1581
f 1561 1978 1561
f 1777 1666 1626
f 1822 1874 1844
f 1823 1955 1633
f 1822 1955 1823
f 1792 1879 1685
f 1602 1905 1913
f 1574 1608 1727
f 1930 1574 1562
f 1683 1930 1562
f 1750 1683 1728
f 1728 1879 1750
f 1839 1888 1712
f 1624 1651 1876
f 1647 1858 1935
f 1844 1557 1683
f 1748 1683 1557
f 1564 1603 1748
f 1905 1828 1644
f 1916 1614 1843
f 1960 1664 1811
f 1706 1828 1979
f 1772 1828 1567
f 1932 1575 1617
f 1594 1877 1682
f 1927 1871 1659
f 1818 1659 1871
f 1714 1585 1917
f 1604 1585 1702
f 1702 1782 1604
f 1963 1966 1561
f 1561 1686 1764
f 1626 1686 1777
f 1921 1762 1813
f 1868 1922 1759
f 1917 1759 1922
f 1714 1917 1922
f 1582 1564 1707
f 1707 1625 1582
f 1578 1620 1579
f 1972 1859 1907
f 1886 1822 1844
f 1848 1953 1820
f 1683 1562 1728
f 1879 1728 1617
f 1685 1879 1617
f 1792 1685 1929
f 1944 1891 1839
f 1825 1651 1624
f 1698 1916 1905
f 1614 1916 1698
f 1706 1958 1828
f 1811 1958 1706
f 1617 1575 1748
f 1812 1818 1570
f 1586 1644 1951
f 1748 1951 1617
f 1644 1586 1567
f 1932 1617 1594
f 1812 1868 1759
f 1564 1782 1940
f 1707 1564 1940
f 1601 1614 1980
f 1903 1633 1955
f 1955 1824 1903
f 1824 1595 1903
f 1762 1765 1720
f 1609 1903 1595
f 1663 1905 1851
f 1693 1891 1694
f 1888 1624 1838
f 1825 1624 1838
f 1858 1651 1876
f 1557 1844 1702
f 1827 1614 1664
f 1794 1682 1877
f 1963 1647 1579
f 1963 1963 1579
f 1907 1764 1686
f 1686 1626 1907
f 1587 1683 1923
f 1859 1620 1907
f 1573 1874 1601
f 1573 1844 1874
f 1980 1820 1953
f 1955 1822 1886
f 1851 1609 1704
f 1663 1851 1704
f 1580 1905 1663
f 1913 1905 1580
f 1574 1727 1776
f 1728 1562 1872
f 1629 1840 1693
f 1944 1694 1891
f 1792 1702 1844
f 1557 1702 1920
f 1564 1748 1909
f 1909 1828 1564
f 1811 1664 1745
f 1617 1951 1881
f 1616 1594 1617
f 1877 1594 1616
f 1943 1782 1702
f 1771 1647 1963
f 1963 1561 1561
f 1578 1801 1620
f 1907 1907 1764
f 1848 1765 1612
f 1609 1595 1704
f 1602 1913 1663
f 1727 1602 1663
f 1574 1776 1776
f 1562 1574 1776
f 1840 1629 1697
f 1839 1712 1944
f 1888 1838 1712
f 1858 1647 1711
f 1828 1909 1796
f 1905 1644 1698
f 1614 1961 1664
f 1958 1811 1580
f 1702 1792 1929
f 1818 1871 1570
f 1828 1958 1567
f 1881 1951 1644
f 1616 1617 1881
f 1714 1702 1585
f 1943 1940 1782
f 1621 1561 1764
f 1764 1907 1621
f 1921 1587 1632
f 1632 1587 1923
f 1840 1697 1683
f 1683 1697 1923
f 1628 1626 1666
f 1628 1666 1806
f 1666 1972 1806
f 1625 1578 1582
f 1582 1578 1668
f 1886 1844 1573
f 1664 1562 1776
f 1713 1617 1728
f 1694 1629 1693
f 1838 1953 1712
f 1838 1624 1755
f 1651 1624 1876
f 1651 1858 1711
f 1644 1828 1796
f 1614 1698 1961
f 1576 1881 1852
f 1930 1702 1929
f 1909 1748 1557
f 1567 1958 1576
f 1852 1881 1644
f 1877 1726 1794
f 1638 1794 1726
f 1875 1638 1927
f 1771 1802 1647
f 1964 1963 1561
f 1801 1578 1963
f 1626 1907 1907
f 1980 1953 1821
f 1601 1980 1960
f 1955 1886 1872
f 1955 1781 1824
f 1886 1573 1872
f 1765 1762 1636
f 1776 1727 1663
f 1664 1872 1562
f 1728 1872 1713
f 1852 1617 1713
f 1929 1685 1930
f 1785 1697 1629
f 1586 1694 1944
f 1712 1736 1944
f 1647 1802 1711
f 1961 1685 1664
f 1745 1580 1811
f 1580 1576 1958
f 1868 1812 1895
f 1601 1963 1963
f 1762 1921 1632
f 1626 1628 1907
f 1806 1972 1706
f 1706 1972 1907
f 1907 1620 1801
f 1955 1872 1781
f 1704 1959 1902
f 1663 1704 1902
f 1580 1663 1902
f 1913 1902 1663
f 1713 1872 1940
f 1852 1685 1617
f 1697 1785 1923
f 1944 1736 1586
f 1953 1736 1712
f 1644 1654 1698
f 1654 1961 1698
f 1745 1664 1685
f 1617 1557 1920
f 1557 1617 1909
f 1881 1749 1616
f 1877 1616 1806
f 1567 1576 1656
f 1644 1656 1852
f 1567 1656 1644
f 1643 1726 1877
f 1771 1963 1601
f 1963 1964 1601
f 1621 1964 1561
f 1886 1621 1907
f 1821 1960 1980
f 1824 1781 1595
f 1872 1573 1727
f 1848 1612 1953
f 1765 1636 1612
f 1704 1595 1959
f 1580 1902 1879
f 1879 1902 1580
f 1913 1580 1902
f 1776 1776 1909
f 1872 1664 1569
f 1569 1940 1872
f 1838 1755 1953
f 1930 1920 1702
f 1617 1728 1909
f 1909 1728 1796
f 1644 1796 1563
f 1644 1563 1654
f 1745 1685 1930
f 1852 1749 1881
f 1806 1643 1877
f 1638 1590 1927
f 1836 1711 1802
f 1886 1907 1797
f 1907 1628 1797
f 1960 1573 1601
f 1812 1570 1895
f 1895 1973 1868
f 1868 1973 1922
f 1628 1806 1797
f 1573 1654 1727
f 1746 1595 1781
f 1672 1595 1746
f 1959 1595 1672
f 1594 1776 1663
f 1909 1776 1594
f 1569 1664 1776
f 1685 1852 1975
f 1629 1866 1785
f 1866 1629 1694
f 1586 1970 1694
f 1624 1651 1692
f 1580 1745 1938
f 1796 1728 1563
f 1616 1749 1806
f 1643 1806 1851
f 1656 1865 1852
f 1702 1714 1917
f 1978 1612 1636
f 1594 1663 1902
f 1776 1951 1569
f 1930 1685 1975
f 1557 1930 1975
f 1868 1923 1785
f 1694 1970 1605
f 1970 1586 1736
f 1953 1755 1808
f 1692 1755 1624
f 1734 1692 1651
f 1920 1930 1557
f 1739 1563 1728
f 1654 1563 1904
f 1961 1654 1561
f 1564 1685 1961
f 1692 1940 1943
f 1702 1917 1943
f 1758 1802 1771
f 1771 1601 1625
f 1625 1601 1563
f 1601 1964 1563
f 1573 1960 1654
f 1720 1636 1762
f 1720 1762 1632
f 1907 1801 1801
f 1801 1706 1907
f 1953 1612 1821
f 1672 1978 1959
f 1978 1879 1902
f 1902 1879 1864
f 1776 1909 1906
f 1951 1776 1906
f 1569 1770 1940
f 1713 1940 1557
f 1852 1713 1975
f 1921 1785 1866
f 1970 1736 1693
f 1953 1693 1736
f 1711 1734 1651
f 1836 1734 1711
f 1920 1852 1617
f 1728 1617 1852
f 1904 1561 1654
f 1564 1961 1561
f 1745 1930 1938
f 1850 1638 1726
f 1922 1893 1714
f 1707 1940 1692
f 1771 1625 1758
f 1911 1621 1886
f 1578 1625 1563
f 1621 1886 1797
f 1978 1636 1818
f 1959 1978 1932
f 1902 1959 1932
f 1864 1879 1978
f 1704 1909 1594
f 1713 1557 1975
f 1557 1975 1769
f 1814 1808 1755
f 1656 1576 1865
f 1557 1852 1920
f 1739 1732 1563
f 1727 1685 1564
f 1930 1685 1727
f 1580 1658 1576
f 1749 1851 1806
f 1851 1749 1852
f 1654 1851 1903
f 1643 1851 1654
f 1726 1643 1745
f 1850 1875 1638
f 1871 1707 1570
f 1671 1836 1802
f 1802 1758 1671
f 1911 1857 1964
f 1964 1621 1911
f 1625 1707 1861
f 1963 1578 1563
f 1632 1646 1720
f 1646 1632 1868
f 1923 1868 1632
f 1706 1797 1806
f 1821 1612 1638
f 1727 1703 1872
f 1703 1682 1872
f 1781 1872 1682
f 1746 1781 1682
f 1902 1932 1978
f 1864 1643 1902
f 1594 1902 1643
f 1569 1951 1770
f 1605 1866 1694
f 1693 1953 1808
f 1755 1692 1814
f 1728 1852 1609
f 1732 1728 1609
f 1739 1728 1732
f 1904 1563 1732
f 1930 1727 1928
f 1865 1576 1658
f 1875 1590 1638
f 1871 1927 1590
f 1893 1922 1973
f 1714 1893 1917
f 1735 1836 1671
f 1857 1563 1964
f 1963 1963 1801
f 1727 1654 1667
f 1960 1667 1654
f 1978 1638 1612
f 1932 1978 1736
f 1643 1704 1594
f 1906 1909 1704
f 1770 1951 1703
f 1970 1693 1715
f 1734 1836 1735
f 1604 1904 1732
f 1564 1561 1865
f 1727 1727 1564
f 1938 1930 1928
f 1658 1938 1928
f 1658 1580 1938
f 1663 1903 1851
f 1852 1663 1851
f 1745 1643 1654
f 1707 1692 1692
f 1856 1625 1861
f 1563 1625 1856
f 1563 1963 1963
f 1924 1818 1636
f 1636 1720 1924
f 1924 1720 1646
f 1895 1570 1974
f 1963 1801 1801
f 1801 1797 1706
f 1621 1797 1801
f 1736 1978 1672
f 1978 1877 1864
f 1906 1704 1955
f 1703 1951 1906
f 1876 1770 1703
f 1940 1770 1876
f 1557 1940 1715
f 1975 1557 1715
f 1769 1975 1829
f 1785 1921 1868
f 1866 1945 1709
f 1605 1945 1866
f 1692 1943 1814
f 1692 1734 1967
f 1692 1852 1557
f 1904 1604 1561
f 1865 1561 1604
f 1727 1564 1865
f 1928 1727 1727
f 1726 1745 1850
f 1921 1895 1974
f 1692 1692 1943
f 1836 1758 1625
f 1836 1625 1726
f 1726 1625 1563
f 1615 1682 1703
f 1746 1682 1913
f 1672 1746 1913
f 1877 1978 1932
f 1940 1876 1715
f 1829 1975 1715
f 1589 1646 1868
f 1709 1921 1866
f 1605 1970 1867
f 1715 1693 1840
f 1584 1808 1814
f 1943 1692 1967
f 1557 1769 1692
f 1604 1732 1769
f 1727 1559 1928
f 1889 1865 1658
f 1745 1654 1878
f 1917 1756 1943
f 1692 1861 1707
f 1734 1857 1911
f 1886 1621 1911
f 1960 1821 1666
f 1666 1667 1960
f 1924 1646 1762
f 1865 1663 1852
f 1707 1974 1570
f 1743 1727 1667
f 1928 1672 1913
f 1736 1672 1928
f 1864 1877 1920
f 1643 1864 1920
f 1703 1906 1955
f 1945 1605 1867
f 1867 1970 1715
f 1840 1693 1584
f 1693 1808 1584
f 1609 1852 1933
f 1727 1865 1663
f 1769 1727 1663
f 1559 1575 1928
f 1658 1928 1575
f 1973 1895 1921
f 1917 1893 1696
f 1671 1758 1836
f 1857 1726 1563
f 1580 1911 1621
f 1703 1727 1743
f 1682 1615 1913
f 1643 1586 1704
f 1586 1706 1704
f 1876 1703 1899
f 1715 1821 1829
f 1967 1734 1735
f 1852 1692 1933
f 1769 1732 1609
f 1595 1609 1933
f 1727 1769 1594
f 1976 1903 1663
f 1889 1902 1865
f 1654 1903 1976
f 1878 1654 1955
f 1707 1871 1590
f 1781 1692 1943
f 1836 1735 1671
f 1563 1856 1600
f 1821 1638 1666
f 1921 1893 1973
f 1563 1750 1963
f 1801 1963 1750
f 1646 1589 1762
f 1932 1681 1877
f 1586 1643 1920
f 1681 1920 1877
f 1955 1704 1706
f 1769 1829 1943
f 1692 1769 1943
f 1868 1921 1589
f 1715 1840 1673
f 1584 1840 1840
f 1814 1943 1584
f 1933 1824 1595
f 1594 1559 1727
f 1865 1902 1663
f 1663 1809 1976
f 1849 1745 1878
f 1850 1745 1849
f 1696 1756 1917
f 1943 1756 1781
f 1861 1692 1889
f 1911 1752 1734
f 1856 1861 1910
f 1667 1666 1634
f 1743 1615 1703
f 1925 1736 1928
f 1955 1706 1839
f 1955 1839 1623
f 1703 1955 1623
f 1675 1921 1709
f 1943 1967 1806
f 1967 1735 1806
f 1692 1592 1933
f 1824 1933 1592
f 1769 1609 1577
f 1604 1854 1865
f 1865 1854 1663
f 1663 1594 1769
f 1976 1955 1654
f 1878 1955 1849
f 1850 1768 1875
f 1735 1671 1837
f 1726 1857 1729
f 1734 1729 1857
f 1650 1910 1861
f 1638 1978 1722
f 1924 1817 1818
f 1924 1762 1817
f 1563 1912 1750
f 1580 1621 1801
f 1750 1580 1801
f 1817 1762 1589
f 1928 1913 1662
f 1681 1736 1925
f 1736 1681 1932
f 1899 1703 1623
f 1876 1899 1972
f 1715 1876 1972
f 1821 1715 1972
f 1589 1921 1675
f 1709 1922 1675
f 1673 1867 1715
f 1673 1840 1840
f 1806 1735 1837
f 1692 1943 1592
f 1824 1592 1858
f 1577 1903 1769
f 1559 1822 1575
f 1850 1849 1768
f 1893 1921 1696
f 1836 1726 1735
f 1734 1752 1668
f 1729 1734 1668
f 1911 1963 1752
f 1911 1580 1963
f 1910 1600 1856
f 1600 1912 1563
f 1615 1743 1678
f 1913 1615 1678
f 1925 1928 1662
f 1681 1954 1920
f 1920 1973 1586
f 1623 1972 1899
f 1821 1972 1876
f 1829 1815 1943
f 1815 1829 1821
f 1675 1762 1589
f 1945 1922 1709
f 1945 1867 1697
f 1584 1943 1890
f 1943 1951 1890
f 1806 1951 1943
f 1595 1824 1627
f 1577 1609 1595
f 1627 1825 1577
f 1604 1769 1903
f 1854 1604 1903
f 1594 1663 1594
f 1594 1594 1559
f 1822 1559 1594
f 1889 1658 1665
f 1658 1575 1665
f 1809 1663 1902
f 1926 1590 1875
f 1926 1707 1590
f 1805 1837 1671
f 1735 1805 1671
f 1696 1921 1655
f 1890 1781 1756
f 1666 1638 1638
f 1634 1666 1638
f 1664 1722 1978
f 1978 1818 1664
f 1974 1948 1921
f 1963 1580 1750
f 1920 1954 1973
f 1824 1858 1727
f 1627 1824 1727
f 1577 1595 1627
f 1903 1577 1825
f 1575 1822 1665
f 1902 1889 1665
f 1902 1889 1902
f 1861 1889 1787
f 1650 1861 1787
f 1735 1726 1672
f 1668 1752 1938
f 1743 1667 1634
f 1817 1817 1589
f 1678 1662 1913
f 1839 1706 1847
f 1876 1972 1884
f 1815 1948 1943
f 1943 1948 1592
f 1786 1922 1945
f 1673 1697 1867
f 1890 1840 1584
f 1854 1903 1703
f 1663 1854 1594
f 1594 1594 1594
f 1976 1809 1955
f 1955 1745 1849
f 1768 1849 1907
f 1907 1661 1768
f 1926 1768 1661
f 1875 1768 1926
f 1926 1635 1707
f 1655 1921 1948
f 1889 1692 1781
f 1963 1938 1752
f 1819 1634 1638
f 1722 1638 1638
f 1664 1818 1817
f 1707 1635 1974
f 1938 1963 1912
f 1750 1912 1963
f 1789 1817 1589
f 1589 1762 1789
f 1954 1681 1925
f 1586 1973 1847
f 1586 1847 1706
f 1623 1681 1972
f 1876 1815 1821
f 1786 1945 1697
f 1673 1840 1811
f 1858 1592 1948
f 1627 1642 1825
f 1903 1825 1642
f 1594 1854 1843
f 1594 1594 1877
f 1822 1594 1877
f 1745 1976 1955
f 1955 1976 1745
f 1955 1809 1955
f 1809 1902 1902
f 1902 1955 1809
f 1849 1745 1907
f 1806 1837 1915
f 1787 1671 1650
f 1729 1672 1726
f 1941 1729 1668
f 1600 1910 1811
f 1678 1743 1796
f 1678 1900 1662
f 1925 1662 1900
f 1794 1839 1847
f 1937 1839 1794
f 1623 1839 1937
f 1623 1937 1681
f 1697 1673 1608
f 1673 1811 1608
f 1840 1890 1673
f 1727 1858 1745
f 1745 1877 1727
f 1627 1727 1808
f 1642 1627 1681
f 1903 1642 1703
f 1703 1843 1854
f 1665 1822 1806
f 1745 1661 1907
f 1805 1915 1837
f 1805 1735 1672
f 1696 1655 1972
f 1696 1890 1756
f 1781 1890 1863
f 1819 1638 1722
f 1948 1974 1635
f 1600 1811 1912
f 1884 1972 1681
f 1948 1815 1878
f 1762 1675 1599
f 1922 1599 1675
f 1673 1811 1840
f 1858 1948 1745
f 1808 1727 1877
f 1627 1808 1681
f 1843 1703 1647
f 1822 1877 1806
f 1665 1806 1816
f 1574 1745 1955
f 1661 1745 1574
f 1635 1926 1791
f 1670 1805 1735
f 1672 1735 1805
f 1889 1650 1787
f 1729 1565 1672
f 1941 1565 1729
f 1743 1634 1640
f 1640 1796 1743
f 1817 1817 1700
f 1900 1678 1593
f 1954 1925 1980
f 1847 1973 1973
f 1681 1899 1884
f 1948 1878 1745
f 1786 1697 1697
f 1890 1951 1585
f 1902 1665 1816
f 1915 1566 1806
f 1670 1915 1805
f 1655 1948 1607
f 1863 1603 1781
f 1941 1668 1667
f 1650 1811 1910
f 1664 1817 1734
f 1734 1817 1700
f 1668 1938 1667
f 1667 1938 1912
f 1634 1819 1639
f 1640 1634 1639
f 1678 1796 1568
f 1973 1954 1980
f 1794 1847 1973
f 1899 1681 1937
f 1899 1794 1884
f 1876 1884 1794
f 1815 1876 1777
f 1697 1946 1786
f 1608 1697 1697
f 1951 1806 1585
f 1877 1745 1713
f 1816 1955 1902
f 1955 1816 1946
f 1574 1844 1661
f 1565 1804 1672
f 1972 1655 1607
f 1696 1567 1890
f 1603 1889 1781
f 1667 1710 1941
f 1593 1678 1568
f 1762 1789 1789
f 1599 1789 1762
f 1925 1900 1816
f 1973 1980 1849
f 1937 1794 1725
f 1777 1878 1815
f 1878 1713 1745
f 1786 1763 1922
f 1946 1763 1786
f 1697 1608 1786
f 1673 1890 1629
f 1843 1647 1914
f 1594 1843 1914
f 1955 1877 1574
f 1955 1955 1946
f 1877 1955 1946
f 1806 1566 1585
f 1804 1735 1672
f 1696 1972 1567
f 1862 1565 1941
f 1710 1862 1941
f 1722 1664 1734
f 1912 1811 1667
f 1811 1650 1671
f 1789 1817 1789
f 1900 1593 1743
f 1973 1973 1849
f 1876 1794 1777
f 1713 1878 1865
f 1786 1946 1697
f 1673 1759 1811
f 1585 1629 1890
f 1681 1808 1962
f 1914 1877 1594
f 1914 1784 1877
f 1844 1660 1661
f 1660 1926 1661
f 1670 1566 1915
f 1735 1864 1670
f 1671 1787 1861
f 1710 1667 1711
f 1659 1700 1817
f 1816 1900 1745
f 1980 1925 1816
f 1973 1725 1794
f 1922 1975 1599
f 1922 1763 1975
f 1899 1937 1850
f 1777 1865 1878
f 1585 1694 1969
f 1877 1713 1928
f 1784 1756 1877
f 1806 1877 1756
f 1877 1946 1746
f 1791 1742 1635
f 1585 1566 1694
f 1804 1782 1735
f 1862 1804 1565
f 1710 1728 1862
f 1863 1890 1586
f 1734 1819 1722
f 1948 1635 1761
f 1607 1948 1761
f 1671 1711 1811
f 1711 1667 1811
f 1796 1640 1911
f 1568 1796 1911
f 1744 1639 1819
f 1819 1734 1680
f 1640 1639 1744
f 1817 1896 1659
f 1817 1789 1896
f 1745 1900 1743
f 1725 1973 1849
f 1759 1673 1810
f 1713 1865 1928
f 1808 1877 1928
f 1962 1808 1928
f 1703 1642 1929
f 1647 1703 1929
f 1914 1647 1929
f 1946 1816 1691
f 1877 1746 1573
f 1844 1574 1682
f 1574 1877 1573
f 1660 1844 1816
f 1926 1660 1820
f 1791 1926 1820
f 1566 1864 1694
f 1670 1864 1566
f 1864 1735 1782
f 1728 1710 1711
f 1711 1671 1861
f 1650 1889 1603
f 1787 1650 1861
f 1593 1568 1779
f 1734 1700 1680
f 1911 1640 1744
f 1850 1937 1725
f 1794 1899 1850
f 1777 1794 1661
f 1608 1811 1759
f 1673 1629 1810
f 1585 1783 1629
f 1585 1969 1783
f 1642 1681 1929
f 1806 1756 1691
f 1816 1806 1691
f 1746 1946 1691
f 1573 1682 1574
f 1816 1844 1682
f 1694 1864 1693
f 1782 1804 1867
f 1711 1861 1728
f 1586 1890 1567
f 1861 1650 1691
f 1779 1568 1911
f 1819 1680 1744
f 1700 1659 1680
f 1980 1816 1969
f 1849 1980 1969
f 1786 1589 1946
f 1712 1865 1965
f 1928 1865 1712
f 1615 1681 1962
f 1660 1816 1726
f 1761 1635 1742
f 1693 1864 1737
f 1737 1864 1782
f 1804 1862 1838
f 1728 1838 1862
f 1779 1898 1593
f 1896 1789 1871
f 1871 1789 1599
f 1871 1599 1975
f 1743 1593 1898
f 1626 1743 1898
f 1745 1743 1626
f 1849 1767 1725
f 1850 1725 1767
f 1865 1777 1965
f 1946 1589 1763
f 1608 1589 1786
f 1608 1588 1589
f 1608 1759 1588
f 1681 1615 1809
f 1681 1809 1929
f 1691 1573 1746
f 1816 1682 1573
f 1768 1660 1726
f 1820 1660 1768
f 1742 1791 1950
f 1694 1918 1969
f 1918 1694 1693
f 1804 1728 1861
f 1861 1691 1804
f 1650 1603 1691
f 1680 1659 1679
f 1896 1847 1659
f 1969 1816 1745
f 1899 1767 1849
f 1763 1589 1886
f 1623 1850 1767
f 1794 1850 1661
f 1759 1810 1588
f 1629 1783 1810
f 1962 1928 1712
f 1914 1724 1784
f 1929 1724 1914
f 1784 1724 1929
f 1784 1929 1756
f 1816 1573 1725
f 1820 1950 1791
f 1737 1782 1867
f 1607 1630 1972
f 1567 1972 1630
f 1673 1586 1567
f 1603 1863 1807
f 1680 1679 1744
f 1744 1679 1911
f 1659 1847 1572
f 1679 1659 1572
f 1871 1898 1896
f 1701 1767 1899
f 1871 1975 1923
f 1975 1886 1923
f 1763 1886 1975
f 1623 1767 1701
f 1777 1969 1965
f 1587 1783 1969
f 1614 1724 1929
f 1691 1756 1725
f 1726 1816 1725
f 1725 1573 1691
f 1737 1792 1693
f 1860 1867 1804
f 1838 1860 1804
f 1968 1838 1728
f 1911 1679 1572
f 1779 1911 1875
f 1969 1745 1744
f 1776 1969 1744
f 1969 1899 1849
f 1661 1850 1623
f 1588 1810 1811
f 1810 1783 1971
f 1615 1962 1712
f 1768 1726 1849
f 1950 1820 1819
f 1693 1792 1918
f 1737 1867 1807
f 1793 1691 1603
f 1804 1968 1728
f 1863 1586 1807
f 1911 1572 1875
f 1898 1779 1745
f 1898 1847 1896
f 1745 1735 1744
f 1899 1969 1776
f 1701 1899 1914
f 1626 1898 1745
f 1969 1777 1661
f 1712 1965 1797
f 1615 1712 1902
f 1614 1929 1809
f 1614 1687 1724
f 1756 1929 1725
f 1725 1615 1691
f 1819 1820 1768
f 1568 1587 1969
f 1918 1568 1969
f 1567 1630 1673
f 1860 1807 1867
f 1807 1586 1944
f 1603 1807 1793
f 1968 1860 1838
f 1691 1968 1804
f 1607 1761 1762
f 1762 1630 1607
f 1847 1875 1572
f 1745 1626 1735
f 1886 1691 1923
f 1737 1886 1589
f 1623 1701 1845
f 1661 1623 1593
f 1979 1965 1969
f 1971 1811 1810
f 1797 1965 1979
f 1809 1615 1725
f 1929 1724 1948
f 1849 1726 1725
f 1944 1586 1890
f 1793 1807 1944
f 1745 1779 1875
f 1923 1898 1871
f 1593 1623 1845
f 1960 1661 1593
f 1661 1969 1661
f 1587 1971 1783
f 1712 1797 1902
f 1614 1809 1849
f 1614 1849 1687
f 1724 1687 1948
f 1691 1615 1725
f 1849 1819 1768
f 1950 1819 1952
f 1918 1792 1568
f 1737 1649 1792
f 1586 1673 1890
f 1691 1793 1968
f 1611 1875 1847
f 1611 1847 1898
f 1914 1899 1776
f 1626 1745 1680
f 1898 1923 1896
f 1737 1691 1886
f 1701 1914 1599
f 1979 1969 1901
f 1589 1588 1950
f 1809 1725 1633
f 1849 1809 1633
f 1849 1933 1687
f 1948 1687 1933
f 1849 1900 1819
f 1819 1900 1839
f 1637 1819 1839
f 1952 1819 1637
f 1660 1742 1950
f 1761 1742 1660
f 1568 1792 1649
f 1807 1649 1737
f 1807 1860 1736
f 1860 1793 1736
f 1968 1793 1860
f 1611 1745 1875
f 1611 1680 1745
f 1735 1626 1680
f 1923 1691 1896
f 1960 1661 1661
f 1737 1589 1950
f 1950 1588 1811
f 1971 1587 1655
f 1902 1797 1557
f 1929 1704 1725
f 1725 1615 1662
f 1849 1725 1662
f 1568 1844 1587
f 1890 1673 1605
f 1736 1585 1807
f 1761 1632 1762
f 1632 1920 1762
f 1762 1920 1630
f 1583 1914 1776
f 1611 1611 1898
f 1611 1898 1896
f 1845 1701 1599
f 1593 1845 1641
f 1661 1901 1969
f 1812 1950 1811
f 1557 1797 1979
f 1948 1933 1593
f 1704 1929 1948
f 1615 1725 1662
f 1660 1950 1952
f 1587 1844 1655
f 1783 1568 1649
f 1649 1807 1585
f 1736 1793 1807
f 1599 1914 1583
f 1611 1680 1611
f 1735 1680 1848
f 1583 1776 1572
f 1676 1691 1737
f 1867 1812 1811
f 1811 1971 1867
f 1867 1971 1655
f 1615 1902 1768
f 1725 1615 1768
f 1633 1725 1768
f 1847 1849 1662
f 1844 1786 1655
f 1568 1810 1844
f 1920 1859 1630
f 1673 1630 1605
f 1585 1736 1807
f 1944 1953 1793
f 1848 1680 1611
f 1848 1873 1735
f 1744 1735 1873
f 1848 1611 1896
f 1776 1744 1572
f 1950 1676 1737
f 1768 1902 1557
f 1900 1849 1847
f 1900 1637 1839
f 1695 1783 1649
f 1585 1687 1649
f 1807 1793 1953
f 1848 1896 1723
f 1744 1873 1572
f 1572 1652 1583
f 1886 1845 1599
f 1952 1661 1960
f 1901 1661 1952
f 1886 1599 1583
f 1849 1633 1933
f 1948 1593 1704
f 1725 1704 1662
f 1637 1900 1594
f 1568 1783 1810
f 1605 1630 1859
f 1807 1687 1585
f 1944 1890 1953
f 1660 1720 1761
f 1720 1632 1761
f 1927 1873 1848
f 1723 1927 1848
f 1691 1723 1896
f 1593 1641 1599
f 1867 1589 1812
f 1867 1655 1589
f 1979 1702 1557
f 1768 1608 1633
f 1933 1633 1608
f 1637 1637 1594
f 1872 1847 1662
f 1952 1637 1637
f 1844 1810 1786
f 1953 1890 1605
f 1807 1840 1687
f 1807 1953 1840
f 1572 1613 1652
f 1960 1593 1599
f 1641 1845 1754
f 1950 1812 1719
f 1589 1655 1786
f 1936 1768 1557
f 1662 1704 1900
f 1594 1900 1872
f 1900 1847 1872
f 1786 1810 1632
f 1690 1649 1687
f 1873 1927 1764
f 1723 1764 1927
f 1572 1873 1764
f 1764 1613 1572
f 1723 1691 1765
f 1723 1765 1613
f 1886 1652 1568
f 1583 1652 1886
f 1676 1765 1691
f 1754 1845 1830
f 1589 1677 1812
f 1901 1949 1979
f 1949 1702 1979
f 1936 1608 1768
f 1593 1933 1953
f 1900 1872 1662
f 1810 1785 1632
f 1810 1783 1697
f 1695 1697 1783
f 1690 1695 1649
f 1953 1605 1713
f 1605 1859 1713
f 1723 1613 1764
f 1952 1960 1599
f 1901 1952 1949
f 1845 1886 1830
f 1641 1754 1599
f 1950 1741 1676
f 1719 1812 1677
f 1933 1608 1953
f 1704 1593 1819
f 1637 1594 1639
f 1639 1594 1872
f 1660 1952 1637
f 1658 1720 1660
f 1785 1810 1697
f 1652 1613 1568
f 1676 1741 1765
f 1702 1936 1557
f 1900 1704 1819
f 1920 1632 1716
f 1920 1571 1859
f 1840 1690 1687
f 1874 1859 1571
f 1713 1859 1874
f 1840 1953 1713
f 1568 1613 1765
f 1765 1765 1676
f 1741 1950 1719
f 1719 1677 1741
f 1677 1589 1850
f 1608 1936 1820
f 1953 1608 1820
f 1593 1953 1819
f 1959 1637 1639
f 1589 1786 1656
f 1786 1632 1656
f 1690 1840 1713
f 1720 1631 1632
f 1886 1568 1721
f 1765 1721 1568
f 1850 1589 1656
f 1702 1949 1874
f 1819 1744 1900
f 1872 1900 1744
f 1744 1959 1639
f 1660 1637 1959
f 1658 1660 1959
f 1690 1621 1695
f 1716 1632 1631
f 1571 1920 1716
f 1886 1721 1722
f 1830 1886 1722
f 1765 1721 1765
f 1754 1572 1599
f 1819 1953 1929
f 1872 1744 1639
f 1658 1790 1720
f 1697 1695 1621
f 1892 1874 1571
f 1754 1612 1572
f 1572 1952 1599
f 1936 1683 1820
f 1702 1874 1740
f 1744 1744 1900
f 1959 1744 1573
f 1632 1785 1632
f 1631 1720 1808
f 1892 1571 1716
f 1690 1713 1621
f 1765 1722 1721
f 1754 1830 1646
f 1741 1817 1765
f 1817 1741 1677
f 1949 1952 1611
f 1677 1789 1817
f 1677 1850 1789
f 1656 1632 1610
f 1953 1820 1929
f 1744 1573 1744
f 1658 1959 1679
f 1790 1808 1720
f 1722 1646 1830
f 1722 1765 1817
f 1646 1612 1754
f 1850 1656 1789
f 1819 1929 1679
f 1679 1959 1573
f 1785 1697 1641
f 1621 1971 1697
f 1716 1631 1787
f 1621 1713 1726
f 1874 1726 1713
f 1722 1722 1646
f 1952 1572 1611
f 1936 1702 1740
f 1740 1683 1936
f 1680 1820 1683
f 1929 1820 1680
f 1647 1819 1679
f 1744 1819 1647
f 1573 1791 1679
f 1658 1679 1612
f 1632 1610 1632
f 1785 1641 1632
f 1892 1726 1874
f 1817 1722 1722
f 1612 1646 1722
f 1977 1817 1789
f 1874 1754 1740
f 1573 1744 1647
f 1791 1612 1679
f 1971 1641 1697
f 1971 1621 1726
f 1892 1716 1787
f 1611 1572 1612
f 1722 1817 1977
f 1611 1973 1949
f 1874 1949 1973
f 1573 1647 1573
f 1791 1573 1573
f 1763 1610 1632
f 1641 1971 1569
f 1971 1740 1569
f 1716 1740 1971
f 1716 1971 1726
f 1611 1612 1977
f 1977 1789 1818
f 1754 1874 1711
f 1740 1680 1683
f 1656 1946 1789
f 1610 1946 1656
f 1658 1612 1976
f 1632 1641 1763
f 1631 1675 1787
f 1977 1612 1722
f 1973 1711 1874
f 1934 1740 1754
f 1946 1610 1870
f 1680 1683 1680
f 1612 1791 1926
f 1791 1573 1926
f 1897 1658 1976
f 1569 1763 1641
f 1734 1716 1726
f 1631 1808 1813
f 1631 1813 1675
f 1734 1787 1675
f 1734 1892 1787
f 1892 1734 1726
f 1977 1973 1611
f 1789 1946 1818
f 1754 1711 1934
f 1740 1934 1680
f 1680 1680 1901
f 1865 1680 1901
f 1680 1865 1929
f 1929 1611 1679
f 1679 1791 1647
f 1573 1647 1791
f 1790 1658 1897
f 1633 1569 1740
f 1763 1870 1610
f 1791 1679 1611
f 1791 1926 1573
f 1766 1612 1926
f 1976 1612 1766
f 1813 1868 1675
f 1740 1675 1868
f 1734 1675 1740
f 1740 1716 1734
f 1973 1977 1818
f 1700 1946 1870
f 1790 1897 1788
f 1788 1974 1790
f 1808 1790 1974
f 1973 1818 1897
f 1711 1722 1934
f 1711 1973 1897
f 1946 1897 1818
f 1722 1680 1934
f 1700 1870 1763
f 1611 1929 1865
f 1569 1610 1763
f 1766 1926 1897
f 1722 1711 1897
f 1946 1700 1897
f 1571 1700 1763
f 1763 1610 1746
f 1569 1791 1611
f 1926 1791 1569
f 1976 1766 1897
f 1897 1976 1897
f 1740 1868 1633
f 1722 1897 1700
f 1722 1898 1680
f 1611 1865 1826
f 1571 1763 1746
f 1839 1610 1569
f 1839 1569 1633
f 1812 1813 1974
f 1813 1808 1974
f 1813 1812 1868
f 1633 1868 1812
f 1901 1680 1898
f 1897 1926 1569
f 1569 1611 1826
f 1591 1897 1897
f 1812 1839 1633
f 1898 1722 1700
f 1700 1571 1898
f 1610 1609 1746
f 1897 1591 1788
f 1898 1826 1901
f 1865 1901 1826
f 1569 1826 1780
f 1780 1858 1569
f 1609 1610 1839
f 1571 1897 1898
f 1571 1746 1897
f 1746 1609 1635
f 1569 1858 1897
f 1839 1812 1882
f 1812 1974 1882
f 1974 1788 1616
f 1898 1897 1826
f 1589 1780 1826
f 1897 1746 1635
f 1897 1858 1591
f 1788 1591 1616
f 1609 1839 1882
f 1826 1897 1589
f 1897 1635 1589
f 1591 1858 1979
f 1616 1591 1979
f 1609 1882 1635
f 1635 1590 1589
f 1979 1858 1780
f 1616 1882 1974
f 1589 1590 1780
f 1979 1780 1590
f 1590 1635 1570
f 1882 1570 1635
f 1570 1979 1590
f 1570 1616 1979
f 1570 1882 1616